PassengerId,Survived,Pclass,Age,SibSp,Parch,Ticket,Fare,Sex,SurnameID,AverageSurvivalRate,Surname_encoded,Embarked_encoded,Speech_encoded
1,0.0,3,22.0,1,0,A/5 21171,7.25,1,0,0.0,100,2,12
2,1.0,1,38.0,1,0,PC 17599,71.2833,0,1,1.0,182,0,13
3,1.0,3,26.0,0,0,STON/O2. 3101282,7.925,0,2,1.0,329,2,9
4,1.0,1,35.0,1,0,113803,53.1,0,3,0.5,267,2,13
5,0.0,3,35.0,0,0,373450,8.05,1,4,0.5,15,2,12
6,0.0,3,34.28,0,0,330877,8.4583,1,5,0.3333333333333333,538,1,12
7,0.0,1,54.0,0,0,17463,51.8625,1,6,0.0,500,2,12
8,0.0,3,2.0,3,1,349909,21.075,1,7,0.0,608,2,8
9,1.0,3,27.0,0,2,347742,11.1333,0,8,0.5,382,2,13
10,1.0,2,14.0,1,0,237736,30.0708,0,9,0.5,559,0,13
11,1.0,3,4.0,1,1,PP 9549,16.7,0,10,1.0,707,2,9
12,1.0,1,58.0,0,0,113783,26.55,0,11,1.0,86,2,9
13,0.0,3,20.0,0,0,A/5. 2151,8.05,1,12,0.0,709,2,12
14,0.0,3,39.0,1,5,347082,31.275,1,13,0.2222222222222222,21,2,12
15,0.0,3,14.0,0,0,350406,7.8542,0,14,0.0,821,2,9
16,1.0,2,55.0,0,0,248706,16.0,0,15,1.0,336,2,13
17,0.0,3,2.0,4,1,382652,29.125,1,16,0.0,664,1,8
18,1.0,2,34.665,0,0,244373,13.0,1,17,0.25,850,2,12
19,0.0,3,31.0,1,0,345763,18.0,0,18,0.0,817,2,13
20,1.0,3,29.825,0,0,2649,7.225,0,19,1.0,494,0,13
21,0.0,2,35.0,0,0,239865,26.0,1,20,0.0,268,2,12
22,1.0,2,34.0,0,0,248698,13.0,1,21,1.0,68,2,12
23,1.0,3,15.0,0,0,330923,8.0292,0,22,1.0,509,1,9
24,1.0,1,28.0,0,0,113788,35.5,1,23,1.0,744,2,12
25,0.0,3,8.0,3,1,349909,21.075,0,7,0.0,608,2,9
26,1.0,3,38.0,1,5,347077,31.3875,0,24,0.75,33,2,13
27,0.0,3,34.385,0,0,2631,7.225,1,25,0.0,237,0,12
28,0.0,1,19.0,3,2,19950,263.0,1,26,0.5,257,2,12
29,1.0,3,20.815,0,0,330959,7.8792,0,27,1.0,587,1,9
30,0.0,3,31.37,0,0,349216,7.8958,1,28,0.0,794,2,12
31,0.0,1,40.0,0,0,PC 17601,27.7208,1,29,0.0,810,0,2
32,1.0,1,45.61,1,0,PC 17569,146.5208,0,30,1.0,755,0,13
33,1.0,3,19.46,0,0,335677,7.75,0,31,1.0,287,1,9
34,0.0,2,66.0,0,0,C.A. 24579,10.5,1,32,0.0,838,2,12
35,0.0,1,28.0,1,0,PC 17604,82.1708,1,33,0.3333333333333333,520,0,12
36,0.0,1,42.0,1,0,113789,52.0,1,34,0.5,349,2,12
37,1.0,3,25.08,0,0,2677,7.2292,1,35,1.0,485,0,12
38,0.0,3,21.0,0,0,A./5. 2152,8.05,1,36,0.0,124,2,12
39,0.0,3,18.0,2,0,345764,18.0,0,18,0.0,817,2,9
40,1.0,3,14.0,1,0,2651,11.2417,0,37,1.0,569,0,9
41,0.0,3,40.0,1,0,7546,9.475,0,38,0.0,8,2,13
42,0.0,2,27.0,1,0,11668,21.0,0,39,0.0,809,2,13
43,0.0,3,31.81,0,0,349253,7.8958,1,40,0.0,415,0,12
44,1.0,2,3.0,1,2,SC/Paris 2123,41.5792,0,41,0.6666666666666666,428,0,9
45,1.0,3,19.0,0,0,330958,7.8792,0,42,1.0,205,1,9
46,0.0,3,35.6,0,0,S.C./A.4. 23567,8.05,1,43,0.0,677,2,12
47,0.0,3,34.545,1,0,370371,15.5,1,44,0.0,440,1,12
48,1.0,3,20.55,0,0,14311,7.75,0,45,1.0,586,1,9
49,0.0,3,23.13333333333333,2,0,2662,21.6792,1,46,0.0,706,0,12
50,0.0,3,18.0,1,0,349237,17.8,0,47,0.0,28,2,13
51,0.0,3,7.0,4,1,3101295,39.6875,1,48,0.0,609,2,8
52,0.0,3,21.0,0,0,A/4. 39886,7.8,1,49,0.0,576,2,12
53,1.0,1,49.0,1,0,PC 17572,76.7292,0,50,0.75,315,0,13
54,1.0,2,29.0,1,0,2926,26.0,0,51,1.0,246,2,13
55,0.0,1,65.0,0,1,113509,61.9792,1,52,0.0,601,0,12
56,1.0,1,47.945,0,0,19947,35.5,1,53,1.0,857,2,12
57,1.0,2,21.0,0,0,C.A. 31026,10.5,0,54,1.0,690,2,9
58,0.0,3,28.5,0,0,2697,7.2292,1,55,0.0,578,0,12
59,1.0,2,5.0,1,2,C.A. 34651,27.75,0,56,0.6666666666666666,836,2,9
60,0.0,3,11.0,5,2,CA 2144,46.9,1,57,0.0,292,2,8
61,0.0,3,22.0,0,0,2669,7.2292,1,58,0.0,733,0,12
62,1.0,1,38.0,0,0,113572,80.0,0,59,1.0,361,3,9
63,0.0,1,45.0,1,0,36973,83.475,1,60,0.5,317,2,12
64,0.0,3,4.0,3,2,347088,27.9,1,61,0.0,739,2,8
65,0.0,1,49.955,0,0,PC 17605,27.7208,1,62,0.0,765,0,12
66,1.0,3,3.731981666666667,1,1,2661,15.2458,1,63,1.0,543,0,8
67,1.0,2,29.0,0,0,C.A. 29395,10.5,0,64,1.0,579,2,13
68,0.0,3,19.0,0,0,S.P. 3464,8.1583,1,65,0.0,178,2,12
69,1.0,3,17.0,4,2,3101281,7.925,0,13,0.2222222222222222,21,2,9
70,0.0,3,26.0,2,0,315151,8.6625,1,66,0.0,409,2,12
71,0.0,2,32.0,0,0,C.A. 33111,10.5,1,67,0.0,374,2,12
72,0.0,3,16.0,5,2,CA 2144,46.9,0,57,0.0,292,2,9
73,0.0,2,21.0,0,0,S.O.C. 14879,73.5,1,68,0.0,352,2,12
74,0.0,3,26.0,1,0,2680,14.4542,1,69,0.0,149,0,12
75,1.0,3,32.0,0,0,1601,56.4958,1,70,1.0,76,2,12
76,0.0,3,25.0,0,0,348123,7.65,1,71,0.0,533,2,12
77,0.0,3,26.99,0,0,349208,7.8958,1,72,0.0,758,2,12
78,0.0,3,33.34,0,0,374746,8.05,1,73,0.0,545,2,12
79,1.0,2,0.83,0,2,248738,29.0,1,74,1.0,118,2,8
80,1.0,3,30.0,0,0,364516,12.475,0,75,1.0,217,2,9
81,0.0,3,22.0,0,0,345767,9.0,1,76,0.0,823,2,12
82,1.0,3,29.0,0,0,345779,9.5,1,77,1.0,720,2,12
83,1.0,3,20.225,0,0,330932,7.7875,0,78,1.0,505,1,9
84,0.0,1,28.0,0,0,113059,47.1,1,79,0.0,130,2,12
85,1.0,2,17.0,0,0,SO/C 14885,10.5,0,80,1.0,362,2,9
86,1.0,3,33.0,3,0,3101278,15.85,0,81,0.5,43,2,13
87,0.0,3,16.0,1,3,W./C. 6608,34.375,1,82,0.0,255,2,12
88,0.0,3,27.645,0,0,SOTON/OQ 392086,8.05,1,83,0.0,743,2,12
89,1.0,1,23.0,3,2,19950,263.0,0,26,0.5,257,2,9
90,0.0,3,24.0,0,0,343275,8.05,1,84,0.0,136,2,12
91,0.0,3,29.0,0,0,343276,8.05,1,85,0.0,147,2,12
92,0.0,3,20.0,0,0,347466,7.8542,1,86,0.0,22,2,12
93,0.0,1,46.0,1,0,W.E.P. 5734,61.175,1,87,0.0,137,2,12
94,0.0,3,26.0,1,2,C.A. 2315,20.575,1,88,0.5,199,2,12
95,0.0,3,59.0,0,0,364500,7.25,1,89,0.0,176,2,12
96,0.0,3,25.83,0,0,374910,8.05,1,90,0.0,724,2,12
97,0.0,1,71.0,0,0,PC 17754,34.6542,1,91,0.0,289,0,12
98,1.0,1,23.0,0,1,PC 17759,63.3583,1,92,1.0,297,0,12
99,1.0,2,34.0,0,1,231919,23.0,0,93,1.0,213,2,13
100,0.0,2,34.0,1,0,244367,26.0,1,94,0.5,391,2,12
101,0.0,3,28.0,0,0,349245,7.8958,0,95,0.0,637,2,9
102,0.0,3,22.11,0,0,349215,7.8958,1,96,0.0,638,2,12
103,0.0,1,21.0,0,1,35281,77.2875,1,97,0.0,840,2,12
104,0.0,3,33.0,0,0,7540,8.6542,1,98,0.0,380,2,12
105,0.0,3,37.0,2,0,3101276,7.925,1,99,0.0,301,2,12
106,0.0,3,28.0,0,0,349207,7.8958,1,100,0.0,528,2,12
107,1.0,3,21.0,0,0,343120,7.65,0,101,1.0,703,2,9
108,1.0,3,26.56,0,0,312991,7.775,1,102,1.0,542,2,12
109,0.0,3,38.0,0,0,349249,7.8958,1,103,0.0,658,2,12
110,1.0,3,18.485,1,0,371110,24.15,0,5,0.3333333333333333,538,1,9
111,0.0,1,47.0,0,0,110465,52.0,1,104,0.0,649,2,12
112,0.0,3,14.5,1,0,2665,14.4542,0,105,0.0,865,0,9
113,0.0,3,22.0,0,0,324669,8.05,1,106,0.0,57,2,12
114,0.0,3,20.0,1,0,4136,9.825,0,107,0.3333333333333333,388,2,9
115,0.0,3,17.0,0,0,2627,14.4583,0,108,0.0,38,0,9
116,0.0,3,21.0,0,0,STON/O 2. 3101294,7.925,1,109,0.0,625,2,12
117,0.0,3,70.5,0,0,370369,7.75,1,110,0.0,167,1,12
118,0.0,2,29.0,1,0,11668,21.0,1,39,0.0,809,2,12
119,0.0,1,24.0,0,1,PC 17558,247.5208,1,111,0.5,60,0,12
120,0.0,3,2.0,4,2,347082,31.275,0,13,0.2222222222222222,21,2,9
121,0.0,2,21.0,2,0,S.O.C. 14879,73.5,1,112,0.0,337,2,12
122,0.0,3,36.26,0,0,A4. 54510,8.05,1,113,0.0,537,2,12
123,0.0,2,32.5,1,0,237736,30.0708,1,9,0.5,559,0,12
124,1.0,2,32.5,0,0,27267,13.0,0,114,0.5,831,2,9
125,0.0,1,54.0,0,1,35281,77.2875,1,97,0.0,840,2,12
126,1.0,3,12.0,1,0,2651,11.2417,1,37,1.0,569,0,8
127,0.0,3,31.895,0,0,370372,7.75,1,115,0.0,511,1,12
128,1.0,3,24.0,0,0,C 17369,7.1417,1,116,1.0,476,2,12
129,1.0,3,4.424266666666667,1,1,2668,22.3583,0,117,1.0,634,0,9
130,0.0,3,45.0,0,0,347061,6.975,1,118,0.0,233,2,12
131,0.0,3,33.0,0,0,349241,7.8958,1,119,0.0,221,0,12
132,0.0,3,20.0,0,0,SOTON/O.Q. 3101307,7.05,1,120,0.0,154,2,12
133,0.0,3,47.0,1,0,A/5. 3337,14.5,0,121,0.0,675,2,13
134,1.0,2,29.0,1,0,228414,26.0,0,122,1.0,833,2,13
135,0.0,2,25.0,0,0,C.A. 29178,13.0,1,123,0.0,750,2,12
136,0.0,2,23.0,0,0,SC/PARIS 2133,15.0458,1,124,0.0,665,0,12
137,1.0,1,19.0,0,2,11752,26.2833,0,125,1.0,566,2,9
138,0.0,1,37.0,1,0,113803,53.1,1,3,0.5,267,2,12
139,0.0,3,16.0,0,0,7534,9.2167,1,126,0.0,599,2,12
140,0.0,1,24.0,0,0,PC 17593,79.2,1,127,0.0,279,0,12
141,0.0,3,33.55,0,2,2678,15.2458,0,128,0.0,90,0,13
142,1.0,3,22.0,0,0,347081,7.75,0,129,1.0,580,2,9
143,1.0,3,24.0,1,0,STON/O2. 3101279,15.85,0,130,0.5,305,2,13
144,0.0,3,19.0,0,0,365222,6.75,1,131,0.0,108,1,12
145,0.0,2,18.0,0,0,231945,11.5,1,132,0.0,23,2,12
146,0.0,2,19.0,1,1,C.A. 33112,36.75,1,133,0.0,567,2,12
147,1.0,3,27.0,0,0,350043,7.7958,1,13,0.2222222222222222,21,2,12
148,0.0,3,9.0,2,2,W./C. 6608,34.375,0,82,0.0,255,2,9
149,0.0,2,36.5,0,2,230080,26.0,1,134,0.6666666666666666,562,2,12
150,0.0,2,42.0,0,0,244310,13.0,1,135,0.0,113,2,15
151,0.0,2,51.0,0,0,S.O.P. 1166,12.525,1,136,0.0,58,2,15
152,1.0,1,22.0,1,0,113776,66.6,0,137,0.5,622,2,13
153,0.0,3,55.5,0,0,A.5. 11206,8.05,1,138,0.0,518,2,12
154,0.0,3,40.5,0,2,A/5. 851,14.5,1,139,0.0,873,2,12
155,0.0,3,27.79,0,0,Fa 265302,7.3125,1,140,0.0,594,2,12
156,0.0,1,51.0,0,1,PC 17597,61.3792,1,17,0.25,850,0,12
157,1.0,3,16.0,0,0,35851,7.7333,0,141,1.0,285,1,9
158,0.0,3,30.0,0,0,SOTON/OQ 392090,8.05,1,142,0.0,172,2,12
159,0.0,3,27.592,0,0,315037,8.6625,1,143,0.0,746,2,12
160,0.0,3,13.199066666666665,8,2,CA. 2343,69.55,1,144,0.0,700,2,8
161,0.0,3,44.0,0,1,371362,16.1,1,145,0.0,179,2,12
162,1.0,2,40.0,0,0,C.A. 33595,15.75,0,146,1.0,830,2,13
163,0.0,3,26.0,0,0,347068,7.775,1,147,0.0,70,2,12
164,0.0,3,17.0,0,0,315093,8.6625,1,148,0.0,119,2,12
165,0.0,3,1.0,4,1,3101295,39.6875,1,48,0.0,609,2,8
166,1.0,3,9.0,0,2,363291,20.525,1,149,0.6666666666666666,290,2,8
167,1.0,1,38.09,0,1,113505,55.0,0,150,1.0,144,2,13
168,0.0,3,45.0,1,4,347088,27.9,0,61,0.0,739,2,13
169,0.0,1,52.39,0,0,PC 17318,25.925,1,151,0.0,59,2,12
170,0.0,3,28.0,0,0,1601,56.4958,1,152,0.0,456,2,12
171,0.0,1,61.0,0,0,111240,33.5,1,153,0.0,812,2,12
172,0.0,3,4.0,4,1,382652,29.125,1,16,0.0,664,1,8
173,1.0,3,1.0,1,1,347742,11.1333,0,8,0.5,382,2,9
174,0.0,3,21.0,0,0,STON/O 2. 3101280,7.925,1,154,0.0,736,2,12
175,0.0,1,56.0,0,0,17764,30.6958,1,155,0.25,747,0,12
176,0.0,3,18.0,1,1,350404,7.8542,1,156,0.0,413,2,12
177,0.0,3,4.643611111111112,3,1,4133,25.4667,1,157,0.0,434,2,8
178,0.0,1,50.0,0,0,PC 17595,28.7125,0,158,0.0,365,0,9
179,0.0,2,30.0,0,0,250653,13.0,1,159,0.0,306,2,12
180,0.0,3,36.0,0,0,LINE,0.0,1,160,0.0,441,2,12
181,0.0,3,17.825,8,2,CA. 2343,69.55,0,144,0.0,700,2,9
182,0.0,2,27.97,0,0,SC/PARIS 2131,15.05,1,161,0.0,630,0,12
183,0.0,3,9.0,4,2,347077,31.3875,1,24,0.75,33,2,8
184,1.0,2,1.0,2,1,230136,39.0,1,162,1.0,66,2,8
185,1.0,3,4.0,0,2,315153,22.025,0,163,1.0,410,2,9
186,0.0,1,39.21,0,0,113767,50.0,1,164,0.0,680,2,12
187,1.0,3,30.66,1,0,370365,15.5,0,165,0.3333333333333333,582,1,13
188,1.0,1,45.0,0,0,111428,26.55,1,166,1.0,678,2,12
189,0.0,3,40.0,1,1,364849,15.5,1,167,0.0,91,1,12
190,0.0,3,36.0,0,0,349247,7.8958,1,168,0.0,806,2,12
191,1.0,2,32.0,0,0,234604,13.0,0,169,1.0,644,2,13
192,0.0,2,19.0,0,0,28424,13.0,1,170,0.0,126,2,12
193,1.0,3,19.0,1,0,350046,7.8542,0,171,1.0,19,2,9
194,1.0,2,3.0,1,1,230080,26.0,1,134,0.6666666666666666,562,2,8
195,1.0,1,44.0,0,0,PC 17610,27.7208,0,172,0.75,104,0,13
196,1.0,1,58.0,0,0,PC 17569,146.5208,0,173,1.0,470,0,9
197,0.0,3,32.77,0,0,368703,7.75,1,174,0.0,519,1,12
198,0.0,3,42.0,0,1,4579,8.4042,1,140,0.0,594,2,12
199,1.0,3,21.9,0,0,370370,7.75,0,175,1.0,474,1,9
200,0.0,2,24.0,0,0,248747,13.0,0,176,0.0,864,2,9
201,0.0,3,28.0,0,0,345770,9.5,1,177,0.0,814,2,12
202,0.0,3,20.18566666666667,8,2,CA. 2343,69.55,1,144,0.0,700,2,12
203,0.0,3,34.0,0,0,3101264,6.4958,1,178,0.0,379,2,12
204,0.0,3,45.5,0,0,2628,7.225,1,179,0.0,861,0,12
205,1.0,3,18.0,0,0,A/5 3540,8.05,1,180,1.0,155,2,12
206,0.0,3,2.0,0,1,347054,10.4625,0,181,0.0,774,2,9
207,0.0,3,32.0,1,0,3101278,15.85,1,81,0.5,43,2,12
208,1.0,3,26.0,0,0,2699,18.7875,1,182,1.0,10,0,12
209,1.0,3,16.0,0,0,367231,7.75,0,183,1.0,129,1,9
210,1.0,1,40.0,0,0,112277,31.0,1,184,1.0,85,0,12
211,0.0,3,24.0,0,0,SOTON/O.Q. 3101311,7.05,1,185,0.0,14,2,12
212,1.0,2,35.0,0,0,F.C.C. 13528,21.0,0,186,1.0,120,2,9
213,0.0,3,22.0,0,0,A/5 21174,7.25,1,187,0.0,629,2,12
214,0.0,2,30.0,0,0,250646,13.0,1,188,0.0,286,2,12
215,0.0,3,27.86333333333333,1,0,367229,7.75,1,189,0.0,406,1,12
216,1.0,1,31.0,1,0,35273,113.275,0,190,0.6666666666666666,565,0,9
217,1.0,3,27.0,0,0,STON/O2. 3101283,7.925,0,191,1.0,351,2,9
218,0.0,2,42.0,1,0,243847,27.0,1,192,0.5,368,2,12
219,1.0,1,32.0,0,0,11813,76.2917,0,193,1.0,61,0,9
220,0.0,2,30.0,0,0,W/C 14208,10.5,1,60,0.5,317,2,12
221,1.0,3,16.0,0,0,SOTON/OQ 392089,8.05,1,194,1.0,775,2,12
222,0.0,2,27.0,0,0,220367,13.0,1,195,0.0,95,2,12
223,0.0,3,51.0,0,0,21440,8.05,1,196,0.0,295,2,12
224,0.0,3,25.275,0,0,349234,7.8958,1,197,0.0,563,2,12
225,1.0,1,38.0,1,0,19943,90.0,1,198,0.6666666666666666,356,2,12
226,0.0,3,22.0,0,0,PP 4348,9.35,1,199,0.0,72,2,12
227,1.0,2,19.0,0,0,SW/PP 751,10.5,1,200,1.0,517,2,12
228,0.0,3,20.5,0,0,A/5 21173,7.25,1,201,0.0,465,2,12
229,0.0,2,18.0,0,0,236171,13.0,1,202,0.0,243,2,12
230,0.0,3,6.020166666666666,3,1,4133,25.4667,0,157,0.0,434,2,9
231,1.0,1,35.0,1,0,36973,83.475,0,60,0.5,317,2,13
232,0.0,3,29.0,0,0,347067,7.775,1,203,0.0,429,2,12
233,0.0,2,59.0,0,0,237442,13.5,1,204,0.0,738,2,12
234,1.0,3,5.0,4,2,347077,31.3875,0,24,0.75,33,2,9
235,0.0,2,24.0,0,0,C.A. 29566,10.5,1,205,0.0,446,2,12
236,0.0,3,25.855,0,0,W./C. 6609,7.55,0,206,0.0,313,2,9
237,0.0,2,44.0,1,0,26707,26.0,1,207,0.0,346,2,12
238,1.0,2,8.0,0,2,C.A. 31921,26.25,0,208,0.6666666666666666,162,2,9
239,0.0,2,19.0,0,0,28665,10.5,1,209,0.0,628,2,12
240,0.0,2,33.0,0,0,SCO/W 1585,12.275,1,210,0.0,358,2,12
241,0.0,3,15.575,1,0,2665,14.4542,0,105,0.0,865,0,9
242,1.0,3,16.72,1,0,367230,15.5,0,211,1.0,550,1,9
243,0.0,2,29.0,0,0,W./C. 14263,10.5,1,212,0.0,158,2,12
244,0.0,3,22.0,0,0,STON/O 2. 3101275,7.125,1,213,0.0,477,2,12
245,0.0,3,30.0,0,0,2694,7.225,1,108,0.0,38,0,12
246,0.0,1,44.0,2,0,19928,90.0,1,214,0.5,525,1,4
247,0.0,3,25.0,0,0,347071,7.775,0,215,0.0,448,2,9
248,1.0,2,24.0,0,2,250649,14.5,0,216,1.0,307,2,13
249,1.0,1,37.0,1,1,11751,52.5542,1,217,1.0,67,2,12
250,0.0,2,54.0,1,0,244252,26.0,1,218,0.6666666666666666,131,2,15
251,0.0,3,29.13,0,0,362316,7.25,1,219,0.0,656,2,12
252,0.0,3,29.0,1,1,347054,10.4625,0,181,0.0,774,2,13
253,0.0,1,62.0,0,0,113514,26.55,1,220,0.0,762,2,12
254,0.0,3,30.0,1,0,A/5. 3336,16.1,1,221,0.0,459,2,12
255,0.0,3,41.0,0,2,370129,20.2125,0,222,0.0,681,2,13
256,1.0,3,29.0,0,2,2650,15.2458,0,223,1.0,801,0,13
257,1.0,1,51.4,0,0,PC 17585,79.2,0,224,1.0,790,0,13
258,1.0,1,30.0,0,0,110152,86.5,0,225,1.0,142,2,9
259,1.0,1,35.0,0,0,PC 17755,512.3292,0,226,1.0,826,0,9
260,1.0,2,50.0,0,1,230433,26.0,0,227,1.0,613,2,13
261,0.0,3,30.675,0,0,384461,7.75,1,155,0.25,747,1,12
262,1.0,3,3.0,4,2,347077,31.3875,1,24,0.75,33,2,8
263,0.0,1,52.0,1,1,110413,79.65,1,228,0.6666666666666666,783,2,12
264,0.0,1,40.0,0,0,112059,0.0,1,229,0.0,318,2,12
265,0.0,3,25.09,0,0,382649,7.75,0,230,0.0,334,1,9
266,0.0,2,36.0,0,0,C.A. 17248,10.5,1,231,0.0,657,2,12
267,0.0,3,16.0,4,1,3101295,39.6875,1,48,0.0,609,2,12
268,1.0,3,25.0,1,0,347083,7.775,1,232,1.0,632,2,12
269,1.0,1,58.0,0,1,PC 17582,153.4625,0,233,0.6666666666666666,294,2,13
270,1.0,1,35.0,0,0,PC 17760,135.6333,0,234,1.0,81,2,9
271,0.0,1,39.91,0,0,113798,31.0,1,235,0.0,116,2,12
272,1.0,3,25.0,0,0,LINE,0.0,1,236,1.0,799,2,12
273,1.0,2,41.0,0,1,250644,19.5,0,237,1.0,516,2,13
274,0.0,1,37.0,0,1,PC 17596,29.7,1,238,0.0,560,0,12
275,1.0,3,20.615,0,0,370375,7.75,0,239,1.0,325,1,9
276,1.0,1,63.0,1,0,13502,77.9583,0,240,0.5,24,2,9
277,0.0,3,45.0,0,0,347073,7.75,0,241,0.0,449,2,9
278,0.0,2,46.01,0,0,239853,0.0,1,242,0.0,611,2,12
279,0.0,3,7.0,4,1,382652,29.125,1,16,0.0,664,1,8
280,1.0,3,35.0,1,1,C.A. 2673,20.25,0,243,0.5,1,2,13
281,0.0,3,65.0,0,0,336439,7.75,1,244,0.0,223,1,12
282,0.0,3,28.0,0,0,347464,7.8542,1,245,0.0,595,2,12
283,0.0,3,16.0,0,0,345778,9.5,1,246,0.0,871,2,12
284,1.0,3,19.0,0,0,A/5. 10482,8.05,1,247,1.0,215,2,12
285,0.0,1,51.19,0,0,113056,26.0,1,155,0.25,747,2,12
286,0.0,3,33.0,0,0,349239,8.6625,1,248,0.0,759,0,12
287,1.0,3,30.0,0,0,345774,9.5,1,249,1.0,870,2,12
288,0.0,3,22.0,0,0,349206,7.8958,1,250,0.0,553,2,12
289,1.0,2,42.0,0,0,237798,13.0,1,251,1.0,354,2,12
290,1.0,3,22.0,0,0,370373,7.75,0,252,1.0,166,1,9
291,1.0,1,26.0,0,0,19877,78.85,0,253,1.0,54,2,9
292,1.0,1,19.0,1,0,11967,91.0792,0,254,1.0,80,0,13
293,0.0,2,36.0,0,0,SC/Paris 2163,12.875,1,255,0.0,444,0,12
294,0.0,3,24.0,0,0,349236,8.85,0,256,0.0,302,2,9
295,0.0,3,24.0,0,0,349233,7.8958,1,257,0.0,526,2,12
296,0.0,1,44.085,0,0,PC 17612,27.7208,1,258,0.0,445,0,12
297,0.0,3,23.5,0,0,2693,7.2292,1,259,0.0,309,0,12
298,0.0,1,2.0,1,2,113781,151.55,0,260,0.3333333333333333,16,2,9
299,1.0,1,38.75,0,0,19988,30.5,1,261,1.0,696,2,12
300,1.0,1,50.0,0,1,PC 17558,247.5208,0,111,0.5,60,0,13
301,1.0,3,21.815,0,0,9234,7.75,0,262,0.75,401,1,9
302,1.0,3,25.546666666666667,2,0,367226,23.25,1,263,1.0,502,1,12
303,0.0,3,19.0,0,0,LINE,0.0,1,8,0.5,382,2,12
304,1.0,2,28.525,0,0,226593,12.35,0,264,0.5,398,1,9
305,0.0,3,30.11,0,0,A/5 2466,8.05,1,17,0.25,850,2,12
306,1.0,1,0.92,1,2,113781,151.55,1,260,0.3333333333333333,16,2,8
307,1.0,1,32.85,0,0,17421,110.8833,0,265,1.0,251,0,9
308,1.0,1,17.0,1,0,PC 17758,108.9,0,266,0.5,627,0,13
309,0.0,2,30.0,1,0,P/PP 3381,24.0,1,267,0.5,3,0,12
310,1.0,1,30.0,0,0,PC 17485,56.9292,0,268,1.0,259,0,9
311,1.0,1,24.0,0,0,11767,83.1583,0,269,1.0,323,0,9
312,1.0,1,18.0,2,2,PC 17608,262.375,0,270,1.0,693,0,9
313,0.0,2,26.0,1,1,250651,26.0,0,271,0.0,420,2,13
314,0.0,3,28.0,0,0,349243,7.8958,1,272,0.0,332,2,12
315,0.0,2,43.0,1,1,F.C.C. 13529,26.25,1,273,0.5,319,2,12
316,1.0,3,26.0,0,0,347470,7.8542,0,274,1.0,572,2,9
317,1.0,2,24.0,1,0,244367,26.0,0,94,0.5,391,2,13
318,0.0,2,54.0,0,0,29011,14.0,1,275,0.0,539,2,4
319,1.0,1,31.0,0,2,36928,164.8667,0,276,1.0,841,2,9
320,1.0,1,40.0,1,1,16966,134.5,0,277,1.0,754,0,13
321,0.0,3,22.0,0,0,A/5 21172,7.25,1,278,0.0,204,2,12
322,0.0,3,27.0,0,0,349219,7.8958,1,279,0.0,192,2,12
323,1.0,2,30.0,0,0,234818,12.35,0,280,1.0,741,1,9
324,1.0,2,22.0,1,1,248738,29.0,0,74,1.0,118,2,13
325,0.0,3,20.18566666666667,8,2,CA. 2343,69.55,1,144,0.0,700,2,12
326,1.0,1,36.0,0,0,PC 17760,135.6333,0,281,1.0,860,0,9
327,0.0,3,61.0,0,0,345364,6.2375,1,282,0.0,581,2,12
328,1.0,2,36.0,0,0,28551,13.0,0,283,1.0,50,2,13
329,1.0,3,31.0,1,1,363291,20.525,0,149,0.6666666666666666,290,2,13
330,1.0,1,16.0,0,1,111361,57.9792,0,284,1.0,341,0,9
331,1.0,3,17.69,2,0,367226,23.25,0,263,1.0,502,1,9
332,0.0,1,45.5,0,0,113043,28.5,1,285,0.0,614,2,12
333,0.0,1,38.0,0,1,PC 17582,153.4625,1,233,0.6666666666666666,294,2,12
334,0.0,3,16.0,2,0,345764,18.0,1,18,0.0,817,2,12
335,1.0,1,36.19,1,0,PC 17611,133.65,0,286,1.0,261,2,13
336,0.0,3,25.3,0,0,349225,7.8958,1,287,0.0,203,2,12
337,0.0,1,29.0,1,0,113776,66.6,1,137,0.5,622,2,12
338,1.0,1,41.0,0,0,16966,134.5,0,288,1.0,109,0,9
339,1.0,3,45.0,0,0,7598,8.05,1,289,1.0,185,2,12
340,0.0,1,45.0,0,0,113784,35.5,1,290,0.0,84,2,12
341,1.0,2,2.0,1,1,230080,26.0,1,134,0.6666666666666666,562,2,8
342,1.0,1,24.0,3,2,19950,263.0,0,26,0.5,257,2,9
343,0.0,2,28.0,0,0,248740,13.0,1,291,0.0,159,2,12
344,0.0,2,25.0,0,0,244361,13.0,1,292,0.0,715,2,12
345,0.0,2,36.0,0,0,229236,13.0,1,293,0.0,258,2,12
346,1.0,2,24.0,0,0,248733,13.0,0,172,0.75,104,2,9
347,1.0,2,40.0,0,0,31418,13.0,0,155,0.25,747,2,9
348,1.0,3,29.12,1,0,386525,16.1,0,294,1.0,197,2,13
349,1.0,3,3.0,1,1,C.A. 37671,15.9,1,295,1.0,175,2,8
350,0.0,3,42.0,0,0,315088,8.6625,1,296,0.0,209,2,12
351,0.0,3,23.0,0,0,7267,9.225,1,297,0.0,591,2,12
352,0.0,1,53.425,0,0,113510,35.0,1,298,0.0,851,2,12
353,0.0,3,15.0,1,1,2695,7.2292,1,299,0.0,234,0,12
354,0.0,3,25.0,1,0,349237,17.8,1,47,0.0,28,2,12
355,0.0,3,38.778333333333336,0,0,2647,7.225,1,300,0.0,862,0,12
356,0.0,3,28.0,0,0,345783,9.5,1,301,0.0,815,2,12
357,1.0,1,22.0,0,1,113505,55.0,0,302,1.0,94,2,9
358,0.0,2,38.0,0,0,237671,13.0,0,303,0.0,266,2,9
359,1.0,3,20.79,0,0,330931,7.8792,0,304,1.0,508,1,9
360,1.0,3,20.99,0,0,330980,7.8792,0,305,1.0,532,1,9
361,0.0,3,40.0,1,4,347088,27.9,1,61,0.0,739,2,12
362,0.0,2,29.0,1,0,SC/PARIS 2167,27.7208,1,306,0.0,872,0,12
363,0.0,3,45.0,0,1,2691,14.4542,0,307,0.0,53,0,13
364,0.0,3,35.0,0,0,SOTON/O.Q. 3101310,7.05,1,308,0.0,32,2,12
365,0.0,3,30.62,1,0,370365,15.5,1,165,0.3333333333333333,582,1,12
366,0.0,3,30.0,0,0,C 7076,7.25,1,309,0.0,6,2,12
367,1.0,1,60.0,1,0,110813,75.25,0,310,1.0,828,0,13
368,1.0,3,29.935,0,0,2626,7.2292,0,311,1.0,544,0,13
369,1.0,3,21.48,0,0,14313,7.75,0,312,1.0,376,1,9
370,1.0,1,24.0,0,0,PC 17477,69.3,0,313,1.0,39,0,11
371,1.0,1,25.0,1,0,11765,55.4417,1,314,1.0,312,0,12
372,0.0,3,18.0,1,0,3101267,6.4958,1,315,0.0,844,2,12
373,0.0,3,19.0,0,0,323951,8.05,1,316,0.0,65,2,12
374,0.0,1,22.0,0,0,PC 17760,135.6333,1,317,0.0,669,0,12
375,0.0,3,3.0,3,1,349909,21.075,0,7,0.0,608,2,9
376,1.0,1,33.44,1,0,PC 17604,82.1708,0,33,0.3333333333333333,520,0,13
377,1.0,3,22.0,0,0,C 7077,7.25,0,318,1.0,425,2,9
378,0.0,1,27.0,0,2,113503,211.5,1,319,0.0,843,0,12
379,0.0,3,20.0,0,0,2648,4.0125,1,320,0.0,74,0,12
380,0.0,3,19.0,0,0,347069,7.775,1,99,0.0,301,2,12
381,1.0,1,42.0,0,0,PC 17757,227.525,0,321,1.0,75,0,9
382,1.0,3,1.0,0,2,2653,15.7417,0,322,1.0,555,0,9
383,0.0,3,32.0,0,0,STON/O 2. 3101293,7.925,1,323,0.0,792,2,12
384,1.0,1,35.0,1,0,113789,52.0,0,34,0.5,349,2,13
385,0.0,3,24.92,0,0,349227,7.8958,1,324,0.0,645,2,12
386,0.0,2,18.0,0,0,S.O.C. 14879,73.5,1,325,0.3333333333333333,195,2,12
387,0.0,3,1.0,5,2,CA 2144,46.9,1,57,0.0,292,2,8
388,1.0,2,36.0,0,0,27849,13.0,0,326,1.0,110,2,9
389,0.0,3,31.09,0,0,367655,7.7292,1,327,0.0,697,1,12
390,1.0,2,17.0,0,0,SC 1748,12.0,0,328,1.0,435,0,9
391,1.0,1,36.0,1,2,113760,120.0,1,218,0.6666666666666666,131,2,12
392,1.0,3,21.0,0,0,350034,7.7958,1,329,1.0,370,2,12
393,0.0,3,28.0,2,0,3101277,7.925,1,99,0.0,301,2,12
394,1.0,1,23.0,1,0,35273,113.275,0,190,0.6666666666666666,565,0,9
395,1.0,3,24.0,0,2,PP 9549,16.7,0,10,1.0,707,2,13
396,0.0,3,22.0,0,0,350052,7.7958,1,98,0.0,380,2,12
397,0.0,3,31.0,0,0,350407,7.8542,0,245,0.0,595,2,9
398,0.0,2,46.0,0,0,28403,26.0,1,330,0.0,510,2,12
399,0.0,2,23.0,0,0,244278,10.5,1,331,0.0,606,2,4
400,1.0,2,28.0,0,0,240929,12.65,0,332,1.0,803,2,13
401,1.0,3,39.0,0,0,STON/O 2. 3101289,7.925,1,333,1.0,574,2,12
402,0.0,3,26.0,0,0,341826,8.05,1,334,0.0,7,2,12
403,0.0,3,21.0,1,0,4137,9.825,0,107,0.3333333333333333,388,2,9
404,0.0,3,28.0,1,0,STON/O2. 3101279,15.85,1,130,0.5,305,2,12
405,0.0,3,20.0,0,0,315096,8.6625,0,335,0.0,598,2,9
406,0.0,2,34.0,1,0,28664,21.0,1,336,0.0,269,2,12
407,0.0,3,51.0,0,0,347064,7.75,1,337,0.0,842,2,12
408,1.0,2,3.0,1,1,29106,18.75,1,338,1.0,666,2,8
409,0.0,3,21.0,0,0,312992,7.775,1,339,0.0,78,2,12
410,0.0,3,6.020166666666666,3,1,4133,25.4667,0,157,0.0,434,2,9
411,0.0,3,30.71,0,0,349222,7.8958,1,340,0.0,714,2,12
412,0.0,3,31.625,0,0,394140,6.8583,1,273,0.5,319,1,12
413,1.0,1,33.0,1,0,19928,90.0,0,214,0.5,525,1,9
414,0.0,2,37.61,0,0,239853,0.0,1,341,0.0,183,2,12
415,1.0,3,44.0,0,0,STON/O 2. 3101269,7.925,1,342,1.0,776,2,12
416,0.0,3,42.795,0,0,343095,8.05,0,343,0.0,515,2,13
417,1.0,2,34.0,1,1,28220,32.5,0,344,1.0,222,2,13
418,1.0,2,18.0,0,2,250652,13.0,0,345,1.0,726,2,9
419,0.0,2,30.0,0,0,28228,13.0,1,346,0.0,496,2,12
420,0.0,3,10.0,0,2,345773,24.15,0,347,0.0,811,2,9
421,0.0,3,28.79,0,0,349254,7.8958,1,348,0.0,277,0,12
422,0.0,3,21.0,0,0,A/5. 13032,7.7333,1,349,0.0,140,1,12
423,0.0,3,29.0,0,0,315082,7.875,1,350,0.0,867,2,12
424,0.0,3,28.0,1,1,347080,14.4,0,351,0.0,189,2,13
425,0.0,3,18.0,1,1,370129,20.2125,1,222,0.0,681,2,12
426,0.0,3,28.48,0,0,A/4. 34244,7.25,1,352,0.0,855,2,12
427,1.0,2,28.0,1,0,2003,26.0,0,353,1.0,151,2,13
428,1.0,2,19.0,0,0,250655,26.0,0,354,1.0,642,2,9
429,0.0,3,35.96,0,0,364851,7.75,1,355,0.3333333333333333,252,1,12
430,1.0,3,32.0,0,0,SOTON/O.Q. 392078,8.05,1,356,1.0,643,2,12
431,1.0,1,28.0,0,0,110564,26.55,1,357,1.0,83,2,12
432,1.0,3,29.01,1,0,376564,16.1,0,358,0.5,791,2,13
433,1.0,2,42.0,1,0,SC/AH 3085,26.0,0,359,1.0,464,2,13
434,0.0,3,17.0,0,0,STON/O 2. 3101274,7.125,1,360,0.0,389,2,12
435,0.0,1,50.0,1,0,13507,55.9,1,361,0.5,728,2,12
436,1.0,1,14.0,1,2,113760,120.0,0,218,0.6666666666666666,131,2,9
437,0.0,3,21.0,2,2,W./C. 6608,34.375,0,82,0.0,255,2,9
438,1.0,2,24.0,2,3,29106,18.75,0,338,1.0,666,2,13
439,0.0,1,64.0,1,4,19950,263.0,1,26,0.5,257,2,12
440,0.0,2,31.0,0,0,C.A. 18723,10.5,1,362,0.0,418,2,12
441,1.0,2,45.0,1,1,F.C.C. 13529,26.25,0,273,0.5,319,2,13
442,0.0,3,20.0,0,0,345769,9.5,1,363,0.0,308,2,12
443,0.0,3,25.0,1,0,347076,7.775,1,364,0.0,639,2,12
444,1.0,2,28.0,0,0,230434,13.0,0,365,1.0,661,2,14
445,1.0,3,33.365,0,0,65306,8.1125,1,366,1.0,378,2,12
446,1.0,1,4.0,0,2,33638,81.8583,1,367,1.0,211,2,8
447,1.0,2,13.0,0,1,250644,19.5,0,237,1.0,516,2,9
448,1.0,1,34.0,0,0,113794,26.55,1,368,1.0,717,2,12
449,1.0,3,5.0,2,1,2666,19.2583,0,369,1.0,44,0,9
450,1.0,1,52.0,0,0,113786,30.5,1,370,1.0,641,2,7
451,0.0,2,36.0,1,2,C.A. 34651,27.75,1,56,0.6666666666666666,836,2,12
452,0.0,3,25.92,1,0,65303,19.9667,1,371,0.0,304,2,12
453,0.0,1,30.0,0,0,113051,27.75,1,372,0.0,256,0,12
454,1.0,1,49.0,1,0,17453,89.1042,1,373,1.0,288,0,12
455,0.0,3,25.03,0,0,A/5 2817,8.05,1,374,0.0,624,2,12
456,1.0,3,29.0,0,0,349240,7.8958,1,375,1.0,369,0,12
457,0.0,1,65.0,0,0,13509,26.55,1,376,0.0,523,2,12
458,1.0,1,42.38,1,0,17464,51.8625,0,377,1.0,404,2,13
459,1.0,2,50.0,0,0,F.C.C. 13531,10.5,0,378,1.0,796,2,9
460,0.0,3,32.235,0,0,371060,7.75,1,379,0.0,584,1,12
461,1.0,1,48.0,0,0,19952,26.55,1,380,1.0,20,2,12
462,0.0,3,34.0,0,0,364506,8.05,1,381,0.0,540,2,12
463,0.0,1,47.0,0,0,111320,38.5,1,382,0.0,275,2,12
464,0.0,2,48.0,0,0,234360,13.0,1,383,0.0,524,2,12
465,0.0,3,39.37,0,0,A/S 2816,8.05,1,384,0.0,481,2,12
466,0.0,3,38.0,0,0,SOTON/O.Q. 3101306,7.05,1,385,0.0,291,2,12
467,0.0,2,32.08,0,0,239853,0.0,1,386,0.0,121,2,12
468,0.0,1,56.0,0,0,113792,26.55,1,387,0.0,745,2,12
469,0.0,3,29.43,0,0,36209,7.725,1,388,0.0,711,1,12
470,1.0,3,0.75,2,1,2666,19.2583,0,369,1.0,44,0,9
471,0.0,3,22.265,0,0,323592,7.25,1,389,0.0,399,2,12
472,0.0,3,38.0,0,0,315089,8.6625,1,390,0.0,115,2,12
473,1.0,2,33.0,1,2,C.A. 34651,27.75,0,56,0.6666666666666666,836,2,13
474,1.0,2,23.0,0,0,SC/AH Basle 541,13.7917,0,391,1.0,377,0,13
475,0.0,3,22.0,0,0,7553,9.8375,0,392,0.0,770,2,9
476,0.0,1,34.64,0,0,110465,52.0,1,393,0.0,153,2,12
477,0.0,2,34.0,1,0,31027,21.0,1,394,0.5,659,2,12
478,0.0,3,29.0,1,0,3460,7.0458,1,0,0.0,100,2,12
479,0.0,3,22.0,0,0,350060,7.5208,1,395,0.0,393,2,12
480,1.0,3,2.0,0,1,3101298,12.2875,0,396,1.0,342,2,9
481,0.0,3,9.0,5,2,CA 2144,46.9,1,57,0.0,292,2,8
482,0.0,2,41.075,0,0,239854,0.0,1,397,0.0,264,2,12
483,0.0,3,50.0,0,0,A/5 3594,8.05,1,398,0.0,688,2,12
484,1.0,3,63.0,0,0,4134,9.5875,0,399,1.0,808,2,13
485,1.0,1,25.0,1,0,11967,91.0792,1,254,1.0,80,0,12
486,0.0,3,6.020166666666666,3,1,4133,25.4667,0,157,0.0,434,2,9
487,1.0,1,35.0,1,0,19943,90.0,0,198,0.6666666666666666,356,2,13
488,0.0,1,58.0,0,0,11771,29.7,1,400,0.0,403,0,12
489,0.0,3,30.0,0,0,A.5. 18509,8.05,1,401,0.0,752,2,12
490,1.0,3,9.0,1,1,C.A. 37671,15.9,1,295,1.0,175,2,8
491,0.0,3,25.92,1,0,65304,19.9667,1,371,0.0,304,2,12
492,0.0,3,21.0,0,0,SOTON/OQ 3101317,7.25,1,402,0.0,853,2,12
493,0.0,1,55.0,0,0,113787,30.5,1,403,0.0,534,2,12
494,0.0,1,71.0,0,0,PC 17609,49.5042,1,404,0.0,30,0,12
495,0.0,3,21.0,0,0,A/4 45380,8.05,1,405,0.5,760,2,12
496,0.0,3,29.835,0,0,2627,14.4583,1,406,0.0,863,0,12
497,1.0,1,54.0,1,0,36947,78.2667,0,407,1.0,240,0,9
498,0.0,3,31.48,0,0,C.A. 6212,15.1,1,408,0.0,721,2,12
499,0.0,1,25.0,1,2,113781,151.55,0,260,0.3333333333333333,16,2,13
500,0.0,3,24.0,0,0,350035,7.7958,1,409,0.0,779,2,12
501,0.0,3,17.0,0,0,315086,8.6625,1,148,0.0,119,2,12
502,0.0,3,21.0,0,0,364846,7.75,0,410,0.0,122,1,9
503,0.0,3,25.15,0,0,330909,7.6292,0,411,0.0,590,1,9
504,0.0,3,37.0,0,0,4135,9.5875,0,412,0.0,421,2,9
505,1.0,1,16.0,0,0,110152,86.5,0,413,1.0,480,2,9
506,0.0,1,18.0,1,0,PC 17758,108.9,1,266,0.5,627,0,12
507,1.0,2,33.0,0,2,26360,26.0,0,414,1.0,652,2,13
508,1.0,1,40.35,0,0,111427,26.55,1,415,1.0,96,2,12
509,0.0,3,28.0,0,0,C 4001,22.525,1,140,0.0,594,2,12
510,1.0,3,26.0,0,0,1601,56.4958,1,416,1.0,427,2,12
511,1.0,3,29.0,0,0,382651,7.75,1,417,1.0,188,1,12
512,0.0,3,29.405,0,0,SOTON/OQ 3101316,8.05,1,114,0.5,831,2,12
513,1.0,1,36.0,0,0,PC 17473,26.2875,1,418,1.0,507,2,12
514,1.0,1,54.0,1,0,PC 17603,59.4,0,419,1.0,687,0,13
515,0.0,3,24.0,0,0,349209,7.4958,1,420,0.0,157,2,12
516,0.0,1,47.0,0,0,36967,34.0208,1,421,0.0,825,2,12
517,1.0,2,34.0,0,0,C.A. 34260,10.5,0,422,1.0,439,2,13
518,0.0,3,30.635,0,0,371110,24.15,1,423,0.0,692,1,12
519,1.0,2,36.0,1,0,226875,26.0,0,424,1.0,26,2,13
520,0.0,3,32.0,0,0,349242,7.8958,1,425,0.0,618,2,12
521,1.0,1,30.0,0,0,12749,93.5,0,426,1.0,631,2,9
522,0.0,3,22.0,0,0,349252,7.8958,1,427,0.0,822,2,12
523,0.0,3,24.805,0,0,2624,7.225,1,428,0.0,419,0,12
524,1.0,1,44.0,0,1,111361,57.9792,0,284,1.0,341,0,13
525,0.0,3,23.53,0,0,2700,7.2292,1,429,0.0,396,0,12
526,0.0,3,40.5,0,0,367232,7.75,1,430,0.0,244,1,12
527,1.0,2,50.0,0,0,W./C. 14258,10.5,0,431,1.0,667,2,9
528,0.0,1,36.305,0,0,PC 17483,221.7792,1,432,0.0,245,2,12
529,0.0,3,39.0,0,0,3101296,7.925,1,433,0.0,705,2,12
530,0.0,2,23.0,2,1,29104,11.5,1,434,0.5,343,2,12
531,1.0,2,2.0,1,1,26360,26.0,0,414,1.0,652,2,9
532,0.0,3,34.305,0,0,2641,7.2292,1,435,0.0,800,0,12
533,0.0,3,17.0,1,1,2690,7.2292,1,299,0.0,234,0,12
534,1.0,3,27.04,0,2,2668,22.3583,0,117,1.0,634,0,13
535,0.0,3,30.0,0,0,315084,8.6625,0,390,0.0,115,2,9
536,1.0,2,7.0,0,2,F.C.C. 13529,26.25,0,273,0.5,319,2,9
537,0.0,1,45.0,0,0,113050,26.55,1,436,0.0,112,2,7
538,1.0,1,30.0,0,0,PC 17761,106.425,0,437,1.0,431,0,9
539,0.0,3,36.51166666666667,0,0,364498,14.5,1,438,0.0,672,2,12
540,1.0,1,22.0,0,2,13568,49.5,0,439,1.0,262,0,9
541,1.0,1,36.0,0,2,WE/P 5735,71.0,0,440,0.5,180,2,9
542,0.0,3,9.0,4,2,347082,31.275,0,13,0.2222222222222222,21,2,9
543,0.0,3,11.0,4,2,347082,31.275,0,13,0.2222222222222222,21,2,9
544,1.0,2,32.0,1,0,2908,26.0,1,441,1.0,62,2,12
545,0.0,1,50.0,1,0,PC 17761,106.425,1,442,0.0,216,0,12
546,0.0,1,64.0,0,0,693,26.0,1,443,0.0,568,2,12
547,1.0,2,19.0,1,0,2908,26.0,0,441,1.0,62,2,13
548,1.0,2,28.805,0,0,SC/PARIS 2146,13.8625,1,444,1.0,605,0,12
549,0.0,3,33.0,1,1,363291,20.525,1,149,0.6666666666666666,290,2,12
550,1.0,2,8.0,1,1,C.A. 33112,36.75,1,325,0.3333333333333333,195,2,8
551,1.0,1,17.0,0,2,17421,110.8833,1,445,0.6666666666666666,786,0,12
552,0.0,2,27.0,0,0,244358,26.0,1,446,0.0,718,2,12
553,0.0,3,31.64,0,0,330979,7.8292,1,165,0.3333333333333333,582,1,12
554,1.0,3,22.0,0,0,2620,7.225,1,447,1.0,433,0,12
555,1.0,3,22.0,0,0,347085,7.775,0,448,1.0,592,2,9
556,0.0,1,62.0,0,0,113807,26.55,1,449,0.0,858,2,12
557,1.0,1,48.0,1,0,11755,39.6,0,450,1.0,224,0,6
558,0.0,1,33.145,0,0,PC 17757,227.525,1,451,0.0,673,0,12
559,1.0,1,39.0,1,1,110413,79.65,0,228,0.6666666666666666,783,2,13
560,1.0,3,36.0,1,0,345572,17.4,0,452,1.0,869,2,13
561,0.0,3,30.0,0,0,372622,7.75,1,453,0.0,541,1,12
562,0.0,3,40.0,0,0,349251,7.8958,1,454,0.0,735,2,12
563,0.0,2,28.0,0,0,218629,13.5,1,455,0.0,575,2,12
564,0.0,3,26.195,0,0,SOTON/OQ 392082,8.05,1,456,0.0,729,2,12
565,0.0,3,26.41,0,0,SOTON/O.Q. 392087,8.05,0,457,0.0,514,2,9
566,0.0,3,24.0,2,0,A/4 48871,24.15,1,325,0.3333333333333333,195,2,12
567,0.0,3,19.0,0,0,349205,7.8958,1,458,0.0,769,2,12
568,0.0,3,29.0,0,4,349909,21.075,0,7,0.0,608,2,13
569,0.0,3,30.205,0,0,2686,7.2292,1,459,0.0,212,0,12
570,1.0,3,32.0,0,0,350417,7.8542,1,460,1.0,386,2,12
571,1.0,2,62.0,0,0,S.W./PP 752,10.5,1,60,0.5,317,2,12
572,1.0,1,53.0,2,0,11769,51.4792,0,461,1.0,27,2,13
573,1.0,1,36.0,0,0,PC 17474,26.3875,1,355,0.3333333333333333,252,2,12
574,1.0,3,21.815,0,0,14312,7.75,0,262,0.75,401,1,9
575,0.0,3,16.0,0,0,A/4. 20589,8.05,1,462,0.0,691,2,12
576,0.0,3,19.0,0,0,358585,14.5,1,463,0.0,616,2,12
577,1.0,2,34.0,0,0,243880,13.0,0,464,1.0,272,2,9
578,1.0,1,39.0,1,0,13507,55.9,0,361,0.5,728,2,13
579,0.0,3,29.04,1,0,2689,14.4583,0,465,0.0,125,0,13
580,1.0,3,32.0,0,0,STON/O 2. 3101286,7.925,1,107,0.3333333333333333,388,2,12
581,1.0,2,25.0,1,1,237789,30.0,0,466,1.0,148,2,9
582,1.0,1,39.0,1,1,17421,110.8833,0,445,0.6666666666666666,786,0,13
583,0.0,2,54.0,0,0,28403,26.0,1,467,0.0,218,2,12
584,0.0,1,36.0,0,0,13049,40.125,1,468,0.0,684,0,12
585,0.0,3,24.81,0,0,3411,8.7125,1,469,0.0,617,0,12
586,1.0,1,18.0,0,2,110413,79.65,0,228,0.6666666666666666,783,2,9
587,0.0,2,47.0,0,0,237565,15.0,1,470,0.0,372,2,12
588,1.0,1,60.0,1,1,13567,79.2,1,471,1.0,263,0,12
589,0.0,3,22.0,0,0,14973,8.05,1,472,0.0,282,2,12
590,0.0,3,31.795,0,0,A./5. 3235,8.05,1,473,0.0,549,2,12
591,0.0,3,35.0,0,0,STON/O 2. 3101273,7.125,1,474,0.0,670,2,12
592,1.0,1,52.0,1,0,36947,78.2667,0,475,1.0,764,0,13
593,0.0,3,47.0,0,0,A/5 3902,7.25,1,476,0.0,235,2,12
594,0.0,3,24.984728571428573,0,2,364848,7.75,0,167,0.0,91,1,9
595,0.0,2,37.0,1,0,SC/AH 29037,26.0,1,477,0.0,139,2,12
596,0.0,3,36.0,1,1,345773,24.15,1,347,0.0,811,2,12
597,1.0,2,22.3,0,0,248727,33.0,0,478,1.0,437,2,9
598,0.0,3,49.0,0,0,LINE,0.0,1,8,0.5,382,2,12
599,0.0,3,26.055,0,0,2664,7.225,1,128,0.0,90,0,12
600,1.0,1,49.0,1,0,PC 17485,56.9292,1,450,1.0,224,0,16
601,1.0,2,24.0,2,1,243847,27.0,0,192,0.5,368,2,13
602,0.0,3,29.29,0,0,349214,7.8958,1,479,0.0,740,2,12
603,0.0,1,43.74,0,0,113796,42.4,1,480,0.0,316,2,12
604,0.0,3,44.0,0,0,364511,8.05,1,481,0.0,797,2,12
605,1.0,1,35.0,0,0,111426,26.55,1,482,1.0,350,0,12
606,0.0,3,36.0,1,0,349910,15.55,1,483,0.0,451,2,12
607,0.0,3,30.0,0,0,349246,7.8958,1,484,0.0,392,2,12
608,1.0,1,27.0,0,0,113804,30.5,1,485,1.0,190,2,12
609,1.0,2,22.0,1,2,SC/Paris 2123,41.5792,0,41,0.6666666666666666,428,0,13
610,1.0,1,40.0,0,0,PC 17582,153.4625,0,486,1.0,725,2,9
611,0.0,3,39.0,1,5,347082,31.275,0,13,0.2222222222222222,21,2,13
612,0.0,3,31.875,0,0,SOTON/O.Q. 3101305,7.05,1,487,0.0,371,2,12
613,1.0,3,16.72,1,0,367230,15.5,0,211,1.0,550,1,9
614,0.0,3,36.99,0,0,370377,7.75,1,488,0.0,353,1,12
615,0.0,3,35.0,0,0,364512,8.05,1,489,0.0,103,2,12
616,1.0,2,24.0,1,2,220845,65.0,0,490,1.0,335,2,9
617,0.0,3,34.0,1,1,347080,14.4,1,351,0.0,189,2,12
618,0.0,3,26.0,1,0,A/5. 3336,16.1,0,221,0.0,459,2,13
619,1.0,2,4.0,2,1,230136,39.0,0,162,1.0,66,2,9
620,0.0,2,26.0,0,0,31028,10.5,1,491,0.0,274,2,12
621,0.0,3,27.0,1,0,2659,14.4542,1,492,0.5,859,0,12
622,1.0,1,42.0,1,0,11753,52.5542,1,493,1.0,408,2,12
623,1.0,3,20.0,1,1,2653,15.7417,1,322,1.0,555,0,12
624,0.0,3,21.0,0,0,350029,7.8542,1,494,0.0,310,2,12
625,0.0,3,21.0,0,0,54636,16.1,1,495,0.0,92,2,12
626,0.0,1,61.0,0,0,36963,32.3208,1,496,0.0,778,2,12
627,0.0,2,57.0,0,0,219533,12.35,1,497,0.0,411,1,15
628,1.0,1,21.0,0,0,13502,77.9583,0,498,1.0,462,2,9
629,0.0,3,26.0,0,0,349224,7.8958,1,499,0.0,88,2,12
630,0.0,3,29.585,0,0,334912,7.7333,1,500,0.0,583,1,12
631,1.0,1,80.0,0,0,27042,30.0,1,501,1.0,55,2,12
632,0.0,3,51.0,0,0,347743,7.0542,1,502,0.0,467,2,12
633,1.0,1,32.0,0,0,13214,30.5,1,503,1.0,757,0,4
634,0.0,1,48.93,0,0,112052,0.0,1,504,0.0,612,2,12
635,0.0,3,9.0,3,2,347088,27.9,0,61,0.0,739,2,9
636,1.0,2,28.0,0,0,237668,13.0,0,505,1.0,196,2,9
637,0.0,3,32.0,0,0,STON/O 2. 3101292,7.925,1,506,0.0,436,2,12
638,0.0,2,31.0,1,1,C.A. 31921,26.25,1,208,0.6666666666666666,162,2,12
639,0.0,3,41.0,0,5,3101295,39.6875,0,48,0.0,609,2,13
640,0.0,3,28.655,1,0,376564,16.1,1,358,0.5,791,2,12
641,0.0,3,20.0,0,0,350050,7.8542,1,507,0.0,375,2,12
642,1.0,1,24.0,0,0,PC 17477,69.3,0,508,1.0,701,0,10
643,0.0,3,2.0,3,2,347088,27.9,0,61,0.0,739,2,9
644,1.0,3,27.815,0,0,1601,56.4958,1,509,1.0,254,2,12
645,1.0,3,0.75,2,1,2666,19.2583,0,369,1.0,44,0,9
646,1.0,1,48.0,1,0,PC 17572,76.7292,1,50,0.75,315,0,12
647,0.0,3,19.0,0,0,349231,7.8958,1,510,0.0,169,2,12
648,1.0,1,56.0,0,0,13213,35.5,1,511,1.0,730,0,1
649,0.0,3,33.98,0,0,S.O./P.P. 751,7.55,1,512,0.0,849,2,12
650,1.0,3,23.0,0,0,CA. 2314,7.55,0,405,0.5,760,2,9
651,0.0,3,28.585,0,0,349221,7.8958,1,513,0.0,530,2,12
652,1.0,2,18.0,0,1,231919,23.0,0,93,1.0,213,2,9
653,0.0,3,21.0,0,0,8475,8.4333,1,514,0.0,390,2,12
654,1.0,3,20.645,0,0,330919,7.8292,0,515,1.0,589,1,9
655,0.0,3,18.0,0,0,365226,6.75,0,516,0.0,328,1,9
656,0.0,2,24.0,2,0,S.O.C. 14879,73.5,1,112,0.0,337,2,12
657,0.0,3,32.95,0,0,349223,7.8958,1,517,0.0,653,2,12
658,0.0,3,32.0,1,1,364849,15.5,0,167,0.0,91,1,13
659,0.0,2,23.0,0,0,29751,13.0,1,518,0.0,231,2,12
660,0.0,1,58.0,0,2,35273,113.275,1,190,0.6666666666666666,565,0,12
661,1.0,1,50.0,2,0,PC 17611,133.65,1,286,1.0,261,2,4
662,0.0,3,40.0,0,0,2623,7.225,1,519,0.0,46,0,12
663,0.0,1,47.0,0,0,5727,25.5875,1,520,0.0,161,2,12
664,0.0,3,36.0,0,0,349210,7.4958,1,420,0.0,157,2,12
665,1.0,3,20.0,1,0,STON/O 2. 3101285,7.925,1,521,1.0,452,2,12
666,0.0,2,32.0,2,0,S.O.C. 14879,73.5,1,112,0.0,337,2,12
667,0.0,2,25.0,0,0,234686,13.0,1,522,0.0,111,2,12
668,0.0,3,33.885,0,0,312993,7.775,1,523,0.0,679,2,12
669,0.0,3,43.0,0,0,A/5 3536,8.05,1,524,0.0,168,2,12
670,1.0,1,47.73,1,0,19996,52.0,0,525,1.0,784,2,13
671,1.0,2,40.0,1,1,29750,39.0,0,172,0.75,104,2,13
672,0.0,1,31.0,1,0,F.C. 12750,52.0,1,526,0.0,194,2,12
673,0.0,2,70.0,0,0,C.A. 24580,10.5,1,527,0.0,529,2,12
674,1.0,2,31.0,0,0,244270,13.0,1,528,1.0,845,2,12
675,0.0,2,41.97,0,0,239856,0.0,1,529,0.0,829,2,12
676,0.0,3,18.0,0,0,349912,7.775,1,530,0.0,230,2,12
677,0.0,3,24.5,0,0,342826,8.05,1,531,0.0,710,2,12
678,1.0,3,18.0,0,0,4138,9.8417,0,532,1.0,807,2,9
679,0.0,3,43.0,1,6,CA 2144,46.9,0,57,0.0,292,2,13
680,1.0,1,36.0,0,1,PC 17755,512.3292,1,533,1.0,127,0,12
681,0.0,3,23.495,0,0,330935,8.1375,0,534,0.0,635,1,9
682,1.0,1,27.0,0,0,PC 17572,76.7292,1,535,1.0,320,0,12
683,0.0,3,20.0,0,0,6563,9.225,1,536,0.0,596,2,12
684,0.0,3,14.0,5,2,CA 2144,46.9,1,57,0.0,292,2,12
685,0.0,2,60.0,1,1,29750,39.0,1,172,0.75,104,2,12
686,0.0,2,25.0,1,2,SC/Paris 2123,41.5792,1,41,0.6666666666666666,428,0,12
687,0.0,3,14.0,4,1,3101295,39.6875,1,48,0.0,609,2,12
688,0.0,3,19.0,0,0,349228,10.1708,1,537,0.0,187,2,12
689,0.0,3,18.0,0,0,350036,7.7958,1,538,0.0,249,2,12
690,1.0,1,15.0,0,1,24160,211.3375,0,539,1.0,475,2,9
691,1.0,1,31.0,1,0,17474,57.0,1,540,1.0,207,2,12
692,1.0,3,4.0,0,1,349256,13.4167,0,541,1.0,395,0,9
693,1.0,3,28.785,0,0,1601,56.4958,1,542,0.5,423,2,12
694,0.0,3,25.0,0,0,2672,7.225,1,543,0.0,694,0,12
695,0.0,1,60.0,0,0,113800,26.55,1,544,0.0,832,2,1
696,0.0,2,52.0,0,0,248731,13.5,1,477,0.0,139,2,12
697,0.0,3,44.0,0,0,363592,8.05,1,262,0.75,401,2,12
698,1.0,3,19.635,0,0,35852,7.7333,0,545,1.0,547,1,9
699,0.0,1,49.0,1,1,17421,110.8833,1,445,0.6666666666666666,786,0,12
700,0.0,3,42.0,0,0,348121,7.65,1,546,0.0,357,2,12
701,1.0,1,18.0,1,0,PC 17757,227.525,0,547,1.0,37,0,13
702,1.0,1,35.0,0,0,PC 17475,26.2875,1,548,1.0,727,2,12
703,0.0,3,18.0,0,1,2691,14.4542,0,307,0.0,53,0,9
704,0.0,3,25.0,0,0,36864,7.7417,1,549,0.0,270,1,12
705,0.0,3,26.0,1,0,350025,7.8542,1,494,0.0,310,2,12
706,0.0,2,39.0,0,0,250655,26.0,1,381,0.0,540,2,12
707,1.0,2,45.0,0,0,223596,13.5,0,262,0.75,401,2,13
708,1.0,1,42.0,0,0,PC 17476,26.2875,1,550,1.0,117,2,12
709,1.0,1,22.0,0,0,113781,151.55,0,551,1.0,152,2,9
710,1.0,3,3.731981666666667,1,1,2661,15.2458,1,63,1.0,543,0,8
711,1.0,1,24.0,0,0,PC 17482,49.5042,0,552,1.0,498,0,10
712,0.0,1,50.01,0,0,113028,26.55,1,553,0.0,412,2,12
713,1.0,1,48.0,1,0,19996,52.0,1,525,1.0,784,2,12
714,0.0,3,29.0,0,0,7545,9.4833,1,203,0.0,429,2,12
715,0.0,2,52.0,0,0,250647,13.0,1,554,0.0,296,2,12
716,0.0,3,19.0,0,0,348124,7.65,1,555,0.0,751,2,12
717,1.0,1,38.0,0,0,PC 17757,227.525,0,556,1.0,239,0,9
718,1.0,2,27.0,0,0,34218,10.5,0,557,1.0,804,2,9
719,0.0,3,33.82,0,0,36568,15.5,1,558,0.0,506,1,12
720,0.0,3,33.0,0,0,347062,7.775,1,8,0.5,382,2,12
721,1.0,2,6.0,0,1,248727,33.0,0,50,0.75,315,2,9
722,0.0,3,17.0,1,0,350048,7.0542,1,507,0.0,375,2,12
723,0.0,2,34.0,0,0,12233,13.0,1,559,0.0,284,2,12
724,0.0,2,50.0,0,0,250643,13.0,1,560,0.0,344,2,12
725,1.0,1,27.0,1,0,113806,53.1,1,561,1.0,138,2,12
726,0.0,3,20.0,0,0,315094,8.6625,1,335,0.0,598,2,12
727,1.0,2,30.0,3,0,31027,21.0,0,394,0.5,659,2,13
728,1.0,3,20.395,0,0,36866,7.7375,0,562,1.0,488,1,9
729,0.0,2,25.0,1,0,236853,26.0,1,563,0.0,105,2,12
730,0.0,3,25.0,1,0,STON/O2. 3101271,7.925,0,564,0.0,364,2,9
731,1.0,1,29.0,0,0,24160,211.3375,0,4,0.5,15,2,9
732,0.0,3,11.0,0,0,2699,18.7875,1,565,0.0,321,0,12
733,0.0,2,38.705,0,0,239855,0.0,1,566,0.0,414,2,12
734,0.0,2,23.0,0,0,28425,13.0,1,567,0.0,73,2,12
735,0.0,2,23.0,0,0,233639,13.0,1,568,0.0,802,2,12
736,0.0,3,28.5,0,0,54636,16.1,1,17,0.25,850,2,12
737,0.0,3,48.0,1,3,W./C. 6608,34.375,0,82,0.0,255,2,13
738,1.0,1,35.0,0,0,PC 17755,512.3292,1,569,1.0,443,0,12
739,0.0,3,29.96333333333333,0,0,349201,7.8958,1,570,0.0,367,2,12
740,0.0,3,25.565,0,0,349218,7.8958,1,571,0.0,557,2,12
741,1.0,1,37.27,0,0,16988,30.0,1,572,1.0,322,2,12
742,0.0,1,36.0,1,0,19877,78.85,1,573,0.0,135,2,12
743,1.0,1,21.0,2,2,PC 17608,262.375,0,270,1.0,693,0,9
744,0.0,3,24.0,1,0,376566,16.1,1,574,0.0,512,2,12
745,1.0,3,31.0,0,0,STON/O 2. 3101288,7.925,1,575,1.0,771,2,12
746,0.0,1,70.0,1,1,WE/P 5735,71.0,1,440,0.5,180,2,0
747,0.0,3,16.0,1,1,C.A. 2673,20.25,1,243,0.5,1,2,12
748,1.0,2,30.0,0,0,250648,13.0,0,576,1.0,732,2,9
749,0.0,1,19.0,1,0,113773,53.1,1,577,0.0,493,2,12
750,0.0,3,31.0,0,0,335097,7.75,1,578,0.0,165,1,12
751,1.0,2,4.0,1,1,29103,23.0,0,579,1.0,834,2,9
752,1.0,3,6.0,0,1,392096,12.475,1,580,1.0,536,2,8
753,0.0,3,33.0,0,0,345780,9.5,1,581,0.0,813,2,12
754,0.0,3,23.0,0,0,349204,7.8958,1,582,0.0,385,2,12
755,1.0,2,48.0,1,2,220845,65.0,0,490,1.0,335,2,13
756,1.0,2,0.67,1,1,250649,14.5,1,216,1.0,307,2,8
757,0.0,3,28.0,0,0,350042,7.7958,1,583,0.0,128,2,12
758,0.0,2,18.0,0,0,29108,11.5,1,584,0.0,47,2,12
759,0.0,3,34.0,0,0,363294,8.05,1,585,0.0,787,2,12
760,1.0,1,33.0,0,0,110152,86.5,0,586,1.0,686,2,17
761,0.0,3,31.36,0,0,358585,14.5,1,587,0.0,271,2,12
762,0.0,3,41.0,0,0,SOTON/O2 3101272,7.125,1,588,0.0,573,2,12
763,1.0,3,20.0,0,0,2663,7.2292,1,589,1.0,52,0,12
764,1.0,1,36.0,1,2,113760,120.0,0,218,0.6666666666666666,131,2,13
765,0.0,3,16.0,0,0,347074,7.775,1,590,0.0,232,2,12
766,1.0,1,51.0,1,0,13502,77.9583,0,591,1.0,345,2,13
767,0.0,1,43.5,0,0,112379,39.6,1,592,0.0,101,0,4
768,0.0,3,30.5,0,0,364850,7.75,0,593,0.0,486,1,9
769,0.0,3,30.75,1,0,371110,24.15,1,5,0.3333333333333333,538,1,12
770,0.0,3,32.0,0,0,8471,8.3625,1,594,0.0,298,2,12
771,0.0,3,24.0,0,0,345781,9.5,1,595,0.0,447,2,12
772,0.0,3,48.0,0,0,350047,7.8542,1,507,0.0,375,2,12
773,0.0,2,57.0,0,0,S.O./P.P. 3,10.5,0,596,0.0,473,2,13
774,0.0,3,33.88,0,0,2674,7.225,1,299,0.0,234,0,12
775,1.0,2,54.0,1,3,29105,23.0,0,434,0.5,343,2,13
776,0.0,3,18.0,0,0,347078,7.75,1,597,0.0,551,2,12
777,0.0,3,46.99,0,0,383121,7.75,1,598,0.0,793,1,12
778,1.0,3,5.0,0,0,364516,12.475,0,599,1.0,236,2,9
779,0.0,3,29.98,0,0,36865,7.7375,1,600,0.0,407,1,12
780,1.0,1,43.0,0,1,24160,211.3375,0,601,1.0,674,2,13
781,1.0,3,13.0,0,0,2687,7.2292,0,602,1.0,41,0,9
782,1.0,1,17.0,1,0,17474,57.0,0,540,1.0,207,2,13
783,0.0,1,29.0,0,0,113501,30.0,1,603,0.0,461,2,12
784,0.0,3,29.92,1,2,W./C. 6607,23.45,1,604,0.0,383,2,12
785,0.0,3,25.0,0,0,SOTON/O.Q. 3101312,7.05,1,185,0.0,14,2,12
786,0.0,3,25.0,0,0,374887,7.25,1,605,0.0,314,2,12
787,1.0,3,18.0,0,0,3101265,7.4958,0,606,1.0,737,2,9
788,0.0,3,8.0,4,1,382652,29.125,1,16,0.0,664,1,8
789,1.0,3,1.0,1,2,C.A. 2315,20.575,1,88,0.5,199,2,8
790,0.0,1,46.0,0,0,PC 17593,79.2,1,607,0.0,300,0,12
791,0.0,3,33.075,0,0,12460,7.75,1,264,0.5,398,1,12
792,0.0,2,16.0,0,0,239865,26.0,1,608,0.0,273,2,12
793,0.0,3,17.825,8,2,CA. 2343,69.55,0,144,0.0,700,2,9
794,0.0,1,39.5,0,0,PC 17600,30.6958,1,198,0.6666666666666666,356,0,12
795,0.0,3,25.0,0,0,349203,7.8958,1,609,0.0,193,2,12
796,0.0,2,39.0,0,0,28213,13.0,1,610,0.0,602,2,12
797,1.0,1,49.0,0,0,17465,25.9292,0,611,1.0,432,2,4
798,1.0,3,31.0,0,0,349244,8.6833,0,612,1.0,600,2,13
799,0.0,3,30.0,0,0,2685,7.2292,1,613,0.0,360,0,12
800,0.0,3,30.0,1,1,345773,24.15,0,347,0.0,811,2,13
801,0.0,2,34.0,0,0,250647,13.0,1,614,0.0,647,2,12
802,1.0,2,31.0,1,1,C.A. 31921,26.25,0,208,0.6666666666666666,162,2,13
803,1.0,1,11.0,1,2,113760,120.0,1,218,0.6666666666666666,131,2,8
804,1.0,3,0.42,0,1,2625,8.5167,1,615,1.0,788,0,8
805,1.0,3,27.0,0,0,347089,6.975,1,616,1.0,326,2,12
806,0.0,3,31.0,0,0,347063,7.775,1,98,0.0,380,2,12
807,0.0,1,39.0,0,0,112050,0.0,1,240,0.5,24,2,12
808,0.0,3,18.0,0,0,347087,7.775,0,617,0.0,640,2,9
809,0.0,2,39.0,0,0,248723,13.0,1,33,0.3333333333333333,520,2,12
810,1.0,1,33.0,1,0,113806,53.1,0,561,1.0,138,2,13
811,0.0,3,26.0,0,0,3474,7.8875,1,618,0.0,12,2,12
812,0.0,3,39.0,0,0,A/4 48871,24.15,1,619,0.0,442,2,12
813,0.0,2,35.0,0,0,28206,10.5,1,620,0.0,742,2,12
814,0.0,3,6.0,4,2,347082,31.275,0,13,0.2222222222222222,21,2,9
815,0.0,3,30.5,0,0,364499,8.05,1,621,0.0,795,2,12
816,0.0,1,41.14,0,0,112058,0.0,1,622,0.0,265,2,12
817,0.0,3,23.0,0,0,STON/O2. 3101290,7.925,0,623,0.0,330,2,9
818,0.0,2,31.0,1,1,S.C./PARIS 2079,37.0042,1,624,0.5,484,0,12
819,0.0,3,43.0,0,0,C 7075,6.45,1,625,0.0,347,2,12
820,0.0,3,10.0,3,2,347088,27.9,1,61,0.0,739,2,8
821,1.0,1,52.0,1,1,12749,93.5,0,269,1.0,323,2,13
822,1.0,3,27.0,0,0,315098,8.6625,1,626,1.0,466,2,12
823,0.0,1,38.0,0,0,19972,0.0,1,627,0.0,660,2,5
824,1.0,3,27.0,0,1,392096,12.475,0,580,1.0,536,2,13
825,0.0,3,2.0,4,1,3101295,39.6875,1,48,0.0,609,2,8
826,0.0,3,35.79,0,0,368323,6.95,1,355,0.3333333333333333,252,1,12
827,0.0,3,28.785,0,0,1601,56.4958,1,542,0.5,423,2,12
828,1.0,2,1.0,0,2,S.C./PARIS 2079,37.0042,1,624,0.5,484,0,8
829,1.0,3,30.51,0,0,367228,7.75,1,628,1.0,501,1,12
830,1.0,1,62.0,0,0,113572,80.0,0,629,1.0,767,3,13
831,1.0,3,15.0,1,0,2659,14.4542,0,492,0.5,859,0,13
832,1.0,2,0.83,1,1,29106,18.75,1,338,1.0,666,2,8
833,0.0,3,26.58,0,0,2671,7.2292,1,543,0.0,694,0,12
834,0.0,3,23.0,0,0,347468,7.8542,1,630,0.0,40,2,12
835,0.0,3,18.0,0,0,2223,8.3,1,631,0.0,17,2,12
836,1.0,1,39.0,1,1,PC 17756,83.1583,0,632,1.0,163,0,9
837,0.0,3,21.0,0,0,315097,8.6625,1,633,0.0,615,2,12
838,0.0,3,27.665,0,0,392092,8.05,1,634,0.0,734,2,12
839,1.0,3,32.0,0,0,1601,56.4958,1,635,1.0,145,2,12
840,1.0,1,35.81,0,0,11774,29.7,1,636,1.0,490,0,12
841,0.0,3,20.0,0,0,SOTON/O2 3101287,7.925,1,637,0.0,13,2,12
842,0.0,2,16.0,0,0,S.O./P.P. 3,10.5,1,638,0.0,546,2,12
843,1.0,1,30.0,0,0,113798,31.0,0,639,1.0,716,0,9
844,0.0,3,34.5,0,0,2683,6.4375,1,640,0.0,438,0,12
845,0.0,3,17.0,0,0,315090,8.6625,1,641,0.0,181,2,12
846,0.0,3,42.0,0,0,C.A. 5547,7.55,1,642,0.0,0,2,12
847,0.0,3,20.18566666666667,8,2,CA. 2343,69.55,1,144,0.0,700,2,12
848,0.0,3,35.0,0,0,349213,7.8958,1,643,0.0,491,0,12
849,0.0,2,28.0,0,1,248727,33.0,1,50,0.75,315,2,15
850,1.0,1,44.29,1,0,17453,89.1042,0,373,1.0,288,0,13
851,0.0,3,4.0,4,2,347082,31.275,1,13,0.2222222222222222,21,2,8
852,0.0,3,74.0,0,0,347060,7.775,1,409,0.0,779,2,12
853,0.0,3,9.0,1,1,2678,15.2458,0,128,0.0,90,0,9
854,1.0,1,16.0,0,1,PC 17592,39.4,0,644,1.0,455,2,9
855,0.0,2,44.0,1,0,244252,26.0,0,218,0.6666666666666666,131,2,13
856,1.0,3,18.0,0,1,392091,9.35,0,645,1.0,9,2,13
857,1.0,1,45.0,1,1,36928,164.8667,0,276,1.0,841,2,13
858,1.0,1,51.0,0,0,113055,26.55,1,417,1.0,188,2,12
859,1.0,3,24.0,0,3,2666,19.2583,0,369,1.0,44,0,13
860,0.0,3,28.745,0,0,2629,7.2292,1,646,0.0,655,0,12
861,0.0,3,41.0,2,0,350026,14.1083,1,494,0.0,310,2,12
862,0.0,2,21.0,1,0,28134,11.5,1,647,0.0,281,2,12
863,1.0,1,48.0,0,0,17466,25.9292,0,648,1.0,782,2,13
864,0.0,3,17.825,8,2,CA. 2343,69.55,0,144,0.0,700,2,9
865,0.0,2,24.0,0,0,233866,13.0,1,649,0.0,283,2,12
866,1.0,2,42.0,0,0,236852,13.0,0,650,1.0,114,2,13
867,1.0,2,27.0,1,0,SC/PARIS 2149,13.8583,0,651,1.0,227,0,9
868,0.0,1,31.0,0,0,PC 17590,50.4958,1,652,0.0,676,2,12
869,0.0,3,23.695,0,0,345777,9.5,1,653,0.0,874,2,12
870,1.0,3,4.0,1,1,347742,11.1333,1,8,0.5,382,2,8
871,0.0,3,26.0,0,0,349248,7.8958,1,654,0.0,49,2,12
872,1.0,1,47.0,1,1,11751,52.5542,0,217,1.0,67,2,13
873,0.0,1,33.0,0,0,695,5.0,1,583,0.0,128,2,12
874,0.0,3,47.0,0,0,345765,9.0,1,655,0.0,816,2,12
875,1.0,2,28.0,1,0,P/PP 3381,24.0,0,267,0.5,3,0,13
876,1.0,3,15.0,0,0,2667,7.225,0,656,1.0,554,0,9
877,0.0,3,20.0,0,0,7534,9.8458,1,99,0.0,301,2,12
878,0.0,3,19.0,0,0,349212,7.8958,1,96,0.0,638,2,12
879,0.0,3,30.27,0,0,349217,7.8958,1,657,0.0,422,2,12
880,1.0,1,56.0,0,1,11767,83.1583,0,658,1.0,650,0,13
881,1.0,2,25.0,0,1,230433,26.0,0,659,1.0,722,2,13
882,0.0,3,33.0,0,0,349257,7.8958,1,660,0.0,492,2,12
883,0.0,3,22.0,0,0,7552,10.5167,0,661,0.0,186,2,9
884,0.0,2,28.0,0,0,C.A./SOTON 34068,10.5,1,662,0.0,51,2,12
885,0.0,3,25.0,0,0,SOTON/OQ 392076,7.05,1,663,0.0,777,2,12
886,0.0,3,39.0,0,5,382652,29.125,0,16,0.0,664,1,13
887,0.0,2,27.0,0,0,211536,13.0,1,664,0.0,535,2,15
888,1.0,1,19.0,0,0,112053,30.0,0,233,0.6666666666666666,294,2,9
889,0.0,3,5.404333333333334,1,2,W./C. 6607,23.45,0,604,0.0,383,2,9
890,1.0,1,26.0,0,0,111369,30.0,1,665,1.0,69,0,12
891,0.0,3,32.0,0,0,370376,7.75,1,666,0.0,214,1,12
