PassengerId,Survived,Pclass,Age,SibSp,Parch,Ticketnummer,Fare,Sex,SurnameID,Surname_encoded,Embarked_encoded,Speech_encoded,Family_Size,Score,Married_Woman
1,0.0,3,22.0,1,0,521171,7.25,1,60,100,2,12,2,-5,0
2,1.0,1,38.0,1,0,17599,71.2833,0,699,182,0,13,2,5,1
3,1.0,3,26.0,0,0,23101282,7.925,0,197,329,2,9,1,5,0
4,1.0,1,35.0,1,0,113803,53.1,0,110,267,2,13,2,5,1
5,0.0,3,35.0,0,0,373450,8.05,1,61,15,2,12,1,-5,0
6,0.0,3,29.765,0,0,330877,8.4583,1,234,538,1,12,1,-5,0
7,0.0,1,54.0,0,0,17463,51.8625,1,31,500,2,12,1,-5,0
8,0.0,3,2.0,3,1,349909,21.075,1,408,608,2,8,5,5,0
9,1.0,3,27.0,0,2,347742,11.1333,0,275,382,2,13,3,5,1
10,1.0,2,14.0,1,0,237736,30.0708,0,409,559,0,13,2,15,1
11,1.0,3,4.0,1,1,9549,16.7,0,238,707,2,9,3,15,0
12,1.0,1,58.0,0,0,113783,26.55,0,396,86,2,9,1,5,0
13,0.0,3,20.0,0,0,52151,8.05,1,73,709,2,12,1,-5,0
14,0.0,3,39.0,1,5,347082,31.275,1,193,21,2,12,7,-5,0
15,0.0,3,14.0,0,0,350406,7.8542,0,134,821,2,9,1,15,0
16,1.0,2,55.0,0,0,248706,16.0,0,703,336,2,13,1,5,1
17,0.0,3,2.0,4,1,382652,29.125,1,339,664,1,8,6,5,0
18,1.0,2,31.435,0,0,244373,13.0,1,100,850,2,12,1,-5,0
19,0.0,3,31.0,1,0,345763,18.0,0,71,817,2,13,2,5,1
20,1.0,3,28.915,0,0,2649,7.225,0,326,494,0,13,1,5,1
21,0.0,2,35.0,0,0,239865,26.0,1,66,268,2,12,1,-5,0
22,1.0,2,34.0,0,0,248698,13.0,1,141,68,2,12,1,-5,0
23,1.0,3,15.0,0,0,330923,8.0292,0,596,509,1,9,1,5,0
24,1.0,1,28.0,0,0,113788,35.5,1,7,744,2,12,1,-5,0
25,0.0,3,8.0,3,1,349909,21.075,0,105,608,2,9,5,15,0
26,1.0,3,38.0,1,5,347077,31.3875,0,221,33,2,13,7,5,1
27,0.0,3,31.25,0,0,2631,7.225,1,490,237,0,12,1,-5,0
28,0.0,1,19.0,3,2,19950,263.0,1,536,257,2,12,6,-5,0
29,1.0,3,21.11,0,0,330959,7.8792,0,145,587,1,9,1,5,0
30,0.0,3,30.18,0,0,349216,7.8958,1,186,794,2,12,1,-5,0
31,0.0,1,40.0,0,0,17601,27.7208,1,395,810,0,2,1,-5,0
32,1.0,1,46.34,1,0,17569,146.5208,0,483,755,0,13,2,5,1
33,1.0,3,24.325,0,0,335677,7.75,0,130,287,1,9,1,5,0
34,0.0,2,66.0,0,0,24579,10.5,1,647,838,2,12,1,-5,0
35,0.0,1,28.0,1,0,17604,82.1708,1,5,520,0,12,2,-5,0
36,0.0,1,42.0,1,0,113789,52.0,1,318,349,2,12,2,-5,0
37,1.0,3,24.125,0,0,2677,7.2292,1,21,485,0,12,1,-5,0
38,0.0,3,21.0,0,0,52152,8.05,1,327,124,2,12,1,-5,0
39,0.0,3,18.0,2,0,345764,18.0,0,686,817,2,9,3,5,0
40,1.0,3,14.0,1,0,2651,11.2417,0,660,569,0,9,2,15,0
41,0.0,3,40.0,1,0,7546,9.475,0,575,8,2,13,2,5,1
42,0.0,2,27.0,1,0,11668,21.0,0,125,809,2,13,2,5,1
43,0.0,3,34.435,0,0,349253,7.8958,1,159,415,0,12,1,-5,0
44,1.0,2,3.0,1,2,2123,41.5792,0,143,428,0,9,4,15,0
45,1.0,3,19.0,0,0,330958,7.8792,0,163,205,1,9,1,5,0
46,0.0,3,22.83,0,0,423567,8.05,1,117,677,2,12,1,-5,0
47,0.0,3,34.75,1,0,370371,15.5,1,700,440,1,12,2,-5,0
48,1.0,3,27.54,0,0,14311,7.75,0,359,586,1,9,1,5,0
49,0.0,3,22.951999999999998,2,0,2662,21.6792,1,279,706,0,12,3,-5,0
50,0.0,3,18.0,1,0,349237,17.8,0,99,28,2,13,2,5,1
51,0.0,3,7.0,4,1,3101295,39.6875,1,33,609,2,8,6,5,0
52,0.0,3,21.0,0,0,439886,7.8,1,65,576,2,12,1,-5,0
53,1.0,1,49.0,1,0,17572,76.7292,0,710,315,0,13,2,5,1
54,1.0,2,29.0,1,0,2926,26.0,0,122,246,2,13,2,5,1
55,0.0,1,65.0,0,1,113509,61.9792,1,503,601,0,12,2,-5,0
56,1.0,1,51.065,0,0,19947,35.5,1,22,857,2,12,1,-5,0
57,1.0,2,21.0,0,0,31026,10.5,0,75,690,2,9,1,5,0
58,0.0,3,28.5,0,0,2697,7.2292,1,115,578,0,12,1,-5,0
59,1.0,2,5.0,1,2,34651,27.75,0,140,836,2,9,4,15,0
60,0.0,3,11.0,5,2,2144,46.9,1,227,292,2,8,8,5,0
61,0.0,3,22.0,0,0,2669,7.2292,1,138,733,0,12,1,-5,0
62,1.0,1,38.0,0,0,113572,80.0,0,399,361,2,9,1,5,0
63,0.0,1,45.0,1,0,36973,83.475,1,712,317,2,12,2,-5,0
64,0.0,3,4.0,3,2,347088,27.9,1,136,739,2,8,6,5,0
65,0.0,1,49.48,0,0,17605,27.7208,1,11,765,0,12,1,-5,0
66,1.0,3,4.1482880952380965,1,1,2661,15.2458,1,148,543,0,8,3,5,0
67,1.0,2,29.0,0,0,29395,10.5,0,69,579,2,13,1,5,1
68,0.0,3,19.0,0,0,3464,8.1583,1,30,178,2,12,1,-5,0
69,1.0,3,17.0,4,2,3101281,7.925,0,632,21,2,9,7,5,0
70,0.0,3,26.0,2,0,315151,8.6625,1,691,409,2,12,3,-5,0
71,0.0,2,32.0,0,0,33111,10.5,1,289,374,2,12,1,-5,0
72,0.0,3,16.0,5,2,2144,46.9,0,13,292,2,9,8,5,0
73,0.0,2,21.0,0,0,14879,73.5,1,561,352,2,12,1,-5,0
74,0.0,3,26.0,1,0,2680,14.4542,1,391,149,0,12,2,-5,0
75,1.0,3,32.0,0,0,1601,56.4958,1,147,76,2,12,1,-5,0
76,0.0,3,25.0,0,0,348123,7.65,1,368,533,2,12,1,-5,0
77,0.0,3,24.065,0,0,349208,7.8958,1,87,758,2,12,1,-5,0
78,0.0,3,32.09,0,0,374746,8.05,1,210,545,2,12,1,-5,0
79,1.0,2,0.83,0,2,248738,29.0,1,623,118,2,8,3,5,0
80,1.0,3,30.0,0,0,364516,12.475,0,58,217,2,9,1,5,0
81,0.0,3,22.0,0,0,345767,9.0,1,313,823,2,12,1,-5,0
82,1.0,3,29.0,0,0,345779,9.5,1,186,720,2,12,1,-5,0
83,1.0,3,21.39,0,0,330932,7.7875,0,342,505,1,9,1,5,0
84,0.0,1,28.0,0,0,113059,47.1,1,113,130,2,12,1,-5,0
85,1.0,2,17.0,0,0,14885,10.5,0,646,362,2,9,1,5,0
86,1.0,3,33.0,3,0,3101278,15.85,0,538,43,2,13,4,5,1
87,0.0,3,16.0,1,3,6608,34.375,1,626,255,2,12,5,-5,0
88,0.0,3,25.265,0,0,392086,8.05,1,245,743,2,12,1,-5,0
89,1.0,1,23.0,3,2,19950,263.0,0,270,257,2,9,6,5,0
90,0.0,3,24.0,0,0,343275,8.05,1,10,136,2,12,1,-5,0
91,0.0,3,29.0,0,0,343276,8.05,1,121,147,2,12,1,-5,0
92,0.0,3,20.0,0,0,347466,7.8542,1,177,22,2,12,1,-5,0
93,0.0,1,46.0,1,0,5734,61.175,1,553,137,2,12,2,-5,0
94,0.0,3,26.0,1,2,2315,20.575,1,502,199,2,12,4,-5,0
95,0.0,3,59.0,0,0,364500,7.25,1,676,176,2,12,1,-5,0
96,0.0,3,30.475,0,0,374910,8.05,1,186,724,2,12,1,-5,0
97,0.0,1,71.0,0,0,17754,34.6542,1,458,289,0,12,1,-5,0
98,1.0,1,23.0,0,1,17759,63.3583,1,232,297,0,12,2,-5,0
99,1.0,2,34.0,0,1,231919,23.0,0,705,213,2,13,2,5,1
100,0.0,2,34.0,1,0,244367,26.0,1,616,391,2,12,2,-5,0
101,0.0,3,28.0,0,0,349245,7.8958,0,228,637,2,9,1,5,0
102,0.0,3,23.445,0,0,349215,7.8958,1,117,638,2,12,1,-5,0
103,0.0,1,21.0,0,1,35281,77.2875,1,734,840,2,12,2,-5,0
104,0.0,3,33.0,0,0,7540,8.6542,1,18,380,2,12,1,-5,0
105,0.0,3,37.0,2,0,3101276,7.925,1,638,301,2,12,3,-5,0
106,0.0,3,28.0,0,0,349207,7.8958,1,195,528,2,12,1,-5,0
107,1.0,3,21.0,0,0,343120,7.65,0,34,703,2,9,1,5,0
108,1.0,3,27.365,0,0,312991,7.775,1,195,542,2,12,1,-5,0
109,0.0,3,38.0,0,0,349249,7.8958,1,47,658,2,12,1,-5,0
110,1.0,3,20.12,1,0,371110,24.15,0,323,538,1,9,2,5,0
111,0.0,1,47.0,0,0,110465,52.0,1,9,649,2,12,1,-5,0
112,0.0,3,14.5,1,0,2665,14.4542,0,589,865,0,9,2,15,0
113,0.0,3,22.0,0,0,324669,8.05,1,327,57,2,12,1,-5,0
114,0.0,3,20.0,1,0,4136,9.825,0,201,388,2,9,2,5,0
115,0.0,3,17.0,0,0,2627,14.4583,0,104,38,0,9,1,5,0
116,0.0,3,21.0,0,0,23101294,7.925,1,108,625,2,12,1,-5,0
117,0.0,3,70.5,0,0,370369,7.75,1,40,167,1,12,1,-5,0
118,0.0,2,29.0,1,0,11668,21.0,1,172,809,2,12,2,-5,0
119,0.0,1,24.0,0,1,17558,247.5208,1,406,60,0,12,2,-5,0
120,0.0,3,2.0,4,2,347082,31.275,0,196,21,2,9,7,15,0
121,0.0,2,21.0,2,0,14879,73.5,1,226,337,2,12,3,-5,0
122,0.0,3,29.82,0,0,454510,8.05,1,195,537,2,12,1,-5,0
123,0.0,2,32.5,1,0,237736,30.0708,1,603,559,0,12,2,-5,0
124,1.0,2,32.5,0,0,27267,13.0,0,68,831,2,9,1,5,0
125,0.0,1,54.0,0,1,35281,77.2875,1,625,840,2,12,2,-5,0
126,1.0,3,12.0,1,0,2651,11.2417,1,450,569,0,8,2,5,0
127,0.0,3,34.39,0,0,370372,7.75,1,80,511,1,12,1,-5,0
128,1.0,3,24.0,0,0,17369,7.1417,1,77,476,2,12,1,-5,0
129,1.0,3,3.9790252380952387,1,1,2668,22.3583,0,207,634,0,9,3,15,0
130,0.0,3,45.0,0,0,347061,6.975,1,42,233,2,12,1,-5,0
131,0.0,3,33.0,0,0,349241,7.8958,1,490,221,0,12,1,-5,0
132,0.0,3,20.0,0,0,3101307,7.05,1,594,154,2,12,1,-5,0
133,0.0,3,47.0,1,0,53337,14.5,0,620,675,2,13,2,5,1
134,1.0,2,29.0,1,0,228414,26.0,0,125,833,2,13,2,5,1
135,0.0,2,25.0,0,0,29178,13.0,1,102,750,2,12,1,-5,0
136,0.0,2,23.0,0,0,2133,15.0458,1,182,665,0,12,1,-5,0
137,1.0,1,19.0,0,2,11752,26.2833,0,543,566,2,9,3,5,0
138,0.0,1,37.0,1,0,113803,53.1,1,609,267,2,12,2,-5,0
139,0.0,3,16.0,0,0,7534,9.2167,1,26,599,2,12,1,-5,0
140,0.0,1,24.0,0,0,17593,79.2,1,252,279,0,12,1,-5,0
141,0.0,3,30.486666666666668,0,2,2678,15.2458,0,634,90,0,13,3,5,1
142,1.0,3,22.0,0,0,347081,7.75,0,74,580,2,9,1,5,0
143,1.0,3,24.0,1,0,23101279,15.85,0,688,305,2,13,2,5,1
144,0.0,3,19.0,0,0,365222,6.75,1,204,108,1,12,1,-5,0
145,0.0,2,18.0,0,0,231945,11.5,1,645,23,2,12,1,-5,0
146,0.0,2,19.0,1,1,33112,36.75,1,438,567,2,12,3,-5,0
147,1.0,3,27.0,0,0,350043,7.7958,1,179,21,2,12,1,-5,0
148,0.0,3,9.0,2,2,6608,34.375,0,515,255,2,9,5,15,0
149,0.0,2,36.5,0,2,230080,26.0,1,533,562,2,12,3,-5,0
150,0.0,2,42.0,0,0,244310,13.0,1,612,113,2,15,1,-5,0
151,0.0,2,51.0,0,0,1166,12.525,1,713,58,2,15,1,-5,0
152,1.0,1,22.0,1,0,113776,66.6,0,690,622,2,13,2,5,1
153,0.0,3,55.5,0,0,511206,8.05,1,70,518,2,12,1,-5,0
154,0.0,3,40.5,0,2,5851,14.5,1,45,873,2,12,3,-5,0
155,0.0,3,30.5,0,0,265302,7.3125,1,715,594,2,12,1,-5,0
156,0.0,1,51.0,0,1,17597,61.3792,1,658,850,0,12,2,-5,0
157,1.0,3,16.0,0,0,35851,7.7333,0,551,285,1,9,1,5,0
158,0.0,3,30.0,0,0,392090,8.05,1,121,172,2,12,1,-5,0
159,0.0,3,26.675,0,0,315037,8.6625,1,245,746,2,12,1,-5,0
160,0.0,3,13.800866666666666,8,2,2343,69.55,1,276,700,2,8,11,5,0
161,0.0,3,44.0,0,1,371362,16.1,1,521,179,2,12,2,-5,0
162,1.0,2,40.0,0,0,33595,15.75,0,510,830,2,13,1,5,1
163,0.0,3,26.0,0,0,347068,7.775,1,179,70,2,12,1,-5,0
164,0.0,3,17.0,0,0,315093,8.6625,1,187,119,2,12,1,-5,0
165,0.0,3,1.0,4,1,3101295,39.6875,1,33,609,2,8,6,5,0
166,1.0,3,9.0,0,2,363291,20.525,1,15,290,2,8,3,5,0
167,1.0,1,41.00833333333334,0,1,113505,55.0,0,28,144,2,13,2,5,1
168,0.0,3,45.0,1,4,347088,27.9,0,446,739,2,13,6,5,1
169,0.0,1,49.29,0,0,17318,25.925,1,295,59,2,12,1,-5,0
170,0.0,3,28.0,0,0,1601,56.4958,1,253,456,2,12,1,-5,0
171,0.0,1,61.0,0,0,111240,33.5,1,85,812,2,12,1,-5,0
172,0.0,3,4.0,4,1,382652,29.125,1,339,664,1,8,6,5,0
173,1.0,3,1.0,1,1,347742,11.1333,0,76,382,2,9,3,15,0
174,0.0,3,21.0,0,0,23101280,7.925,1,720,736,2,12,1,-5,0
175,0.0,1,56.0,0,0,17764,30.6958,1,11,747,0,12,1,-5,0
176,0.0,3,18.0,1,1,350404,7.8542,1,664,413,2,12,3,-5,0
177,0.0,3,5.543679999999998,3,1,4133,25.4667,1,641,434,2,8,5,5,0
178,0.0,1,50.0,0,0,17595,28.7125,0,390,365,0,9,1,5,0
179,0.0,2,30.0,0,0,250653,13.0,1,341,306,2,12,1,-5,0
180,0.0,3,36.0,0,0,0,0.0,1,137,441,2,12,1,-5,0
181,0.0,3,20.371,8,2,2343,69.55,0,465,700,2,9,11,5,0
182,0.0,2,25.43,0,0,2131,15.05,1,182,630,0,12,1,-5,0
183,0.0,3,9.0,4,2,347077,31.3875,1,83,33,2,8,7,5,0
184,1.0,2,1.0,2,1,230136,39.0,1,585,66,2,8,4,5,0
185,1.0,3,4.0,0,2,315153,22.025,0,76,410,2,9,3,15,0
186,0.0,1,28.91416666666667,0,0,113767,50.0,1,7,680,2,12,1,-5,0
187,1.0,3,29.975,1,0,370365,15.5,0,514,582,1,13,2,5,1
188,1.0,1,45.0,0,0,111428,26.55,1,91,678,2,12,1,-5,0
189,0.0,3,40.0,1,1,364849,15.5,1,560,91,1,12,3,-5,0
190,0.0,3,36.0,0,0,349247,7.8958,1,725,806,2,12,1,-5,0
191,1.0,2,32.0,0,0,234604,13.0,0,69,644,2,13,1,5,1
192,0.0,2,19.0,0,0,28424,13.0,1,271,126,2,12,1,-5,0
193,1.0,3,19.0,1,0,350046,7.8542,0,643,19,2,9,2,5,0
194,1.0,2,3.0,1,1,230080,26.0,1,337,562,2,8,3,5,0
195,1.0,1,44.0,0,0,17610,27.7208,0,606,104,0,13,1,5,1
196,1.0,1,58.0,0,0,17569,146.5208,0,732,470,0,9,1,5,0
197,0.0,3,34.1,0,0,368703,7.75,1,80,519,1,12,1,-5,0
198,0.0,3,42.0,0,1,4579,8.4042,1,528,594,2,12,2,-5,0
199,1.0,3,27.005,0,0,370370,7.75,0,97,474,1,9,1,5,0
200,0.0,2,24.0,0,0,248747,13.0,0,283,864,2,9,1,5,0
201,0.0,3,28.0,0,0,345770,9.5,1,27,814,2,12,1,-5,0
202,0.0,3,22.039500000000004,8,2,2343,69.55,1,319,700,2,12,11,-5,0
203,0.0,3,34.0,0,0,3101264,6.4958,1,146,379,2,12,1,-5,0
204,0.0,3,45.5,0,0,2628,7.225,1,614,861,0,12,1,-5,0
205,1.0,3,18.0,0,0,53540,8.05,1,30,155,2,12,1,-5,0
206,0.0,3,2.0,0,1,347054,10.4625,0,523,774,2,9,2,15,0
207,0.0,3,32.0,1,0,3101278,15.85,1,622,43,2,12,2,-5,0
208,1.0,3,26.0,0,0,2699,18.7875,1,116,10,0,12,1,-5,0
209,1.0,3,16.0,0,0,367231,7.75,0,357,129,1,9,1,5,0
210,1.0,1,40.0,0,0,112277,31.0,1,29,85,0,12,1,-5,0
211,0.0,3,24.0,0,0,3101311,7.05,1,192,14,2,12,1,-5,0
212,1.0,2,35.0,0,0,13528,21.0,0,132,120,2,9,1,5,0
213,0.0,3,22.0,0,0,521174,7.25,1,117,629,2,12,1,-5,0
214,0.0,2,30.0,0,0,250646,13.0,1,341,286,2,12,1,-5,0
215,0.0,3,28.53,1,0,367229,7.75,1,160,406,1,12,2,-5,0
216,1.0,1,31.0,1,0,35273,113.275,0,692,565,0,9,2,5,0
217,1.0,3,27.0,0,0,23101283,7.925,0,197,351,2,9,1,5,0
218,0.0,2,42.0,1,0,243847,27.0,1,416,368,2,12,2,-5,0
219,1.0,1,32.0,0,0,11813,76.2917,0,435,61,0,9,1,5,0
220,0.0,2,30.0,0,0,14208,10.5,1,341,317,2,12,1,-5,0
221,1.0,3,16.0,0,0,392089,8.05,1,135,775,2,12,1,-5,0
222,0.0,2,27.0,0,0,220367,13.0,1,67,95,2,12,1,-5,0
223,0.0,3,51.0,0,0,21440,8.05,1,56,295,2,12,1,-5,0
224,0.0,3,25.66,0,0,349234,7.8958,1,368,563,2,12,1,-5,0
225,1.0,1,38.0,1,0,19943,90.0,1,413,356,2,12,2,-5,0
226,0.0,3,22.0,0,0,4348,9.35,1,327,72,2,12,1,-5,0
227,1.0,2,19.0,0,0,751,10.5,1,154,517,2,12,1,-5,0
228,0.0,3,20.5,0,0,521173,7.25,1,77,465,2,12,1,-5,0
229,0.0,2,18.0,0,0,236171,13.0,1,123,243,2,12,1,-5,0
230,0.0,3,6.651891666666666,3,1,4133,25.4667,0,274,434,2,9,5,15,0
231,1.0,1,35.0,1,0,36973,83.475,0,272,317,2,13,2,5,1
232,0.0,3,29.0,0,0,347067,7.775,1,206,429,2,12,1,-5,0
233,0.0,2,59.0,0,0,237442,13.5,1,479,738,2,12,1,-5,0
234,1.0,3,5.0,4,2,347077,31.3875,0,196,33,2,9,7,15,0
235,0.0,2,24.0,0,0,29566,10.5,1,639,446,2,12,1,-5,0
236,0.0,3,21.81,0,0,6609,7.55,0,6,313,2,9,1,5,0
237,0.0,2,44.0,1,0,26707,26.0,1,416,346,2,12,2,-5,0
238,1.0,2,8.0,0,2,31921,26.25,0,675,162,2,9,3,15,0
239,0.0,2,19.0,0,0,28665,10.5,1,119,628,2,12,1,-5,0
240,0.0,2,33.0,0,0,1585,12.275,1,289,358,2,12,1,-5,0
241,0.0,3,16.145,1,0,2665,14.4542,0,589,865,0,9,2,5,0
242,1.0,3,20.06,1,0,367230,15.5,0,323,550,1,9,2,5,0
243,0.0,2,29.0,0,0,14263,10.5,1,67,158,2,12,1,-5,0
244,0.0,3,22.0,0,0,23101275,7.125,1,735,477,2,12,1,-5,0
245,0.0,3,30.0,0,0,2694,7.225,1,116,38,0,12,1,-5,0
246,0.0,1,44.0,2,0,19928,90.0,1,486,525,1,4,3,-5,0
247,0.0,3,25.0,0,0,347071,7.775,0,504,448,2,9,1,5,0
248,1.0,2,24.0,0,2,250649,14.5,0,727,307,2,13,3,5,1
249,1.0,1,37.0,1,1,11751,52.5542,1,499,67,2,12,3,-5,0
250,0.0,2,54.0,1,0,244252,26.0,1,466,131,2,15,2,-5,0
251,0.0,3,31.72,0,0,362316,7.25,1,149,656,2,12,1,-5,0
252,0.0,3,29.0,1,1,347054,10.4625,0,194,774,2,13,3,5,1
253,0.0,1,62.0,0,0,113514,26.55,1,85,762,2,12,1,-5,0
254,0.0,3,30.0,1,0,53336,16.1,1,12,459,2,12,2,-5,0
255,0.0,3,41.0,0,2,370129,20.2125,0,482,681,2,13,3,5,1
256,1.0,3,29.0,0,2,2650,15.2458,0,407,801,0,13,3,5,1
257,1.0,1,50.83,0,0,17585,79.2,0,493,790,0,13,1,5,1
258,1.0,1,30.0,0,0,110152,86.5,0,17,142,2,9,1,5,0
259,1.0,1,35.0,0,0,17755,512.3292,0,400,826,0,9,1,5,0
260,1.0,2,50.0,0,1,230433,26.0,0,505,613,2,13,2,5,1
261,0.0,3,31.175,0,0,384461,7.75,1,78,747,1,12,1,-5,0
262,1.0,3,3.0,4,2,347077,31.3875,1,139,33,2,8,7,5,0
263,0.0,1,52.0,1,1,110413,79.65,1,376,783,2,12,3,-5,0
264,0.0,1,40.0,0,0,112059,0.0,1,53,318,2,12,1,-5,0
265,0.0,3,25.5,0,0,382649,7.75,0,130,334,1,9,1,5,0
266,0.0,2,36.0,0,0,17248,10.5,1,49,657,2,12,1,-5,0
267,0.0,3,16.0,4,1,3101295,39.6875,1,242,609,2,12,6,-5,0
268,1.0,3,25.0,1,0,347083,7.775,1,200,632,2,12,2,-5,0
269,1.0,1,58.0,0,1,17582,153.4625,0,558,294,2,13,2,5,1
270,1.0,1,35.0,0,0,17760,135.6333,0,663,81,2,9,1,5,0
271,0.0,1,36.4175,0,0,113798,31.0,1,114,116,2,12,1,-5,0
272,1.0,3,25.0,0,0,0,0.0,1,87,799,2,12,1,-5,0
273,1.0,2,41.0,0,1,250644,19.5,0,133,516,2,13,2,5,1
274,0.0,1,37.0,0,1,17596,29.7,1,532,560,0,12,2,-5,0
275,1.0,3,24.585,0,0,370375,7.75,0,130,325,1,9,1,5,0
276,1.0,1,63.0,1,0,13502,77.9583,0,718,24,2,9,2,5,0
277,0.0,3,45.0,0,0,347073,7.75,0,677,449,2,9,1,5,0
278,0.0,2,47.15,0,0,239853,0.0,1,682,611,2,12,1,-5,0
279,0.0,3,7.0,4,1,382652,29.125,1,168,664,1,8,6,5,0
280,1.0,3,35.0,1,1,2673,20.25,0,531,1,2,13,3,5,1
281,0.0,3,65.0,0,0,336439,7.75,1,40,223,1,12,1,-5,0
282,0.0,3,28.0,0,0,347464,7.8542,1,195,595,2,12,1,-5,0
283,0.0,3,16.0,0,0,345778,9.5,1,135,871,2,12,1,-5,0
284,1.0,3,19.0,0,0,510482,8.05,1,30,215,2,12,1,-5,0
285,0.0,1,49.105,0,0,113056,26.0,1,22,747,2,12,1,-5,0
286,0.0,3,33.0,0,0,349239,8.6625,1,19,759,0,12,1,-5,0
287,1.0,3,30.0,0,0,345774,9.5,1,27,870,2,12,1,-5,0
288,0.0,3,22.0,0,0,349206,7.8958,1,65,553,2,12,1,-5,0
289,1.0,2,42.0,0,0,237798,13.0,1,8,354,2,12,1,-5,0
290,1.0,3,22.0,0,0,370373,7.75,0,107,166,1,9,1,5,0
291,1.0,1,26.0,0,0,19877,78.85,0,17,54,2,9,1,5,0
292,1.0,1,19.0,1,0,11967,91.0792,0,454,80,0,13,2,5,1
293,0.0,2,36.0,0,0,2163,12.875,1,126,444,0,12,1,-5,0
294,0.0,3,24.0,0,0,349236,8.85,0,6,302,2,9,1,5,0
295,0.0,3,24.0,0,0,349233,7.8958,1,368,526,2,12,1,-5,0
296,0.0,1,42.91,0,0,17612,27.7208,1,358,445,0,12,1,-5,0
297,0.0,3,23.5,0,0,2693,7.2292,1,3,309,0,12,1,-5,0
298,0.0,1,2.0,1,2,113781,151.55,0,420,16,2,9,4,15,0
299,1.0,1,45.185,0,0,19988,30.5,1,91,696,2,12,1,-5,0
300,1.0,1,50.0,0,1,17558,247.5208,0,422,60,0,13,2,5,1
301,1.0,3,27.515,0,0,9234,7.75,0,330,401,1,9,1,5,0
302,1.0,3,27.404833333333332,2,0,367226,23.25,1,545,502,1,12,3,-5,0
303,0.0,3,19.0,0,0,0,0.0,1,188,382,2,12,1,-5,0
304,1.0,2,28.85,0,0,226593,12.35,0,378,398,1,9,1,5,0
305,0.0,3,30.06,0,0,52466,8.05,1,27,850,2,12,1,-5,0
306,1.0,1,0.92,1,2,113781,151.55,1,453,16,2,8,4,5,0
307,1.0,1,33.45,0,0,17421,110.8833,0,577,251,0,9,1,5,0
308,1.0,1,17.0,1,0,17758,108.9,0,460,627,0,13,2,5,1
309,0.0,2,30.0,1,0,3381,24.0,1,518,3,0,12,2,-5,0
310,1.0,1,30.0,0,0,17485,56.9292,0,642,259,0,9,1,5,0
311,1.0,1,24.0,0,0,11767,83.1583,0,525,323,0,9,1,5,0
312,1.0,1,18.0,2,2,17608,262.375,0,161,693,0,9,5,5,0
313,0.0,2,26.0,1,1,250651,26.0,0,379,420,2,13,3,5,1
314,0.0,3,28.0,0,0,349243,7.8958,1,57,332,2,12,1,-5,0
315,0.0,2,43.0,1,1,13529,26.25,1,62,319,2,12,3,-5,0
316,1.0,3,26.0,0,0,347470,7.8542,0,74,572,2,9,1,5,0
317,1.0,2,24.0,1,0,244367,26.0,0,678,391,2,13,2,5,1
318,0.0,2,54.0,0,0,29011,14.0,1,241,539,2,4,1,-5,0
319,1.0,1,31.0,0,2,36928,164.8667,0,680,841,2,9,3,5,0
320,1.0,1,40.0,1,1,16966,134.5,0,16,754,0,13,3,5,1
321,0.0,3,22.0,0,0,521172,7.25,1,10,204,2,12,1,-5,0
322,0.0,3,27.0,0,0,349219,7.8958,1,121,192,2,12,1,-5,0
323,1.0,2,30.0,0,0,234818,12.35,0,701,741,1,9,1,5,0
324,1.0,2,22.0,1,1,248738,29.0,0,610,118,2,13,3,5,1
325,0.0,3,22.039500000000004,8,2,2343,69.55,1,319,700,2,12,11,-5,0
326,1.0,1,36.0,0,0,17760,135.6333,0,32,860,0,9,1,5,0
327,0.0,3,61.0,0,0,345364,6.2375,1,570,581,2,12,1,-5,0
328,1.0,2,36.0,0,0,28551,13.0,0,730,50,2,13,1,5,1
329,1.0,3,31.0,1,1,363291,20.525,0,46,290,2,13,3,5,1
330,1.0,1,16.0,0,1,111361,57.9792,0,733,341,0,9,2,5,0
331,1.0,3,20.075,2,0,367226,23.25,0,230,502,1,9,3,5,0
332,0.0,1,45.5,0,0,113043,28.5,1,91,614,2,12,1,-5,0
333,0.0,1,38.0,0,1,17582,153.4625,1,687,294,2,12,2,-5,0
334,0.0,3,16.0,2,0,345764,18.0,1,711,817,2,12,3,-5,0
335,1.0,1,35.86,1,0,17611,133.65,0,439,261,2,13,2,5,1
336,0.0,3,29.72,0,0,349225,7.8958,1,121,203,2,12,1,-5,0
337,0.0,1,29.0,1,0,113776,66.6,1,501,622,2,12,2,-5,0
338,1.0,1,41.0,0,0,16966,134.5,0,630,109,0,9,1,5,0
339,1.0,3,45.0,0,0,7598,8.05,1,42,185,2,12,1,-5,0
340,0.0,1,45.0,0,0,113784,35.5,1,157,84,2,12,1,-5,0
341,1.0,2,2.0,1,1,230080,26.0,1,337,562,2,8,3,5,0
342,1.0,1,24.0,3,2,19950,263.0,0,270,257,2,9,6,5,0
343,0.0,2,28.0,0,0,248740,13.0,1,67,159,2,12,1,-5,0
344,0.0,2,25.0,0,0,244361,13.0,1,102,715,2,12,1,-5,0
345,0.0,2,36.0,0,0,229236,13.0,1,66,258,2,12,1,-5,0
346,1.0,2,24.0,0,0,248733,13.0,0,298,104,2,9,1,5,0
347,1.0,2,40.0,0,0,31418,13.0,0,535,747,2,9,1,5,0
348,1.0,3,26.261999999999997,1,0,386525,16.1,0,64,197,2,13,2,5,1
349,1.0,3,3.0,1,1,37671,15.9,1,171,175,2,8,3,5,0
350,0.0,3,42.0,0,0,315088,8.6625,1,42,209,2,12,1,-5,0
351,0.0,3,23.0,0,0,7267,9.225,1,65,591,2,12,1,-5,0
352,0.0,1,57.03,0,0,113510,35.0,1,37,851,2,12,1,-5,0
353,0.0,3,15.0,1,1,2695,7.2292,1,365,234,0,12,3,-5,0
354,0.0,3,25.0,1,0,349237,17.8,1,60,28,2,12,2,-5,0
355,0.0,3,31.33,0,0,2647,7.225,1,20,862,0,12,1,-5,0
356,0.0,3,28.0,0,0,345783,9.5,1,27,815,2,12,1,-5,0
357,1.0,1,22.0,0,1,113505,55.0,0,447,94,2,9,2,5,0
358,0.0,2,38.0,0,0,237671,13.0,0,127,266,2,9,1,5,0
359,1.0,3,21.405,0,0,330931,7.8792,0,342,508,1,9,1,5,0
360,1.0,3,22.24,0,0,330980,7.8792,0,145,532,1,9,1,5,0
361,0.0,3,40.0,1,4,347088,27.9,1,472,739,2,12,6,-5,0
362,0.0,2,29.0,1,0,2167,27.7208,1,411,872,0,12,2,-5,0
363,0.0,3,45.0,0,1,2691,14.4542,0,651,53,0,13,2,5,1
364,0.0,3,35.0,0,0,3101310,7.05,1,441,32,2,12,1,-5,0
365,0.0,3,30.825,1,0,370365,15.5,1,304,582,1,12,2,-5,0
366,0.0,3,30.0,0,0,7076,7.25,1,61,6,2,12,1,-5,0
367,1.0,1,60.0,1,0,110813,75.25,0,548,828,0,13,2,5,1
368,1.0,3,29.245,0,0,2626,7.2292,0,326,544,0,13,1,5,1
369,1.0,3,26.935,0,0,14313,7.75,0,330,376,1,9,1,5,0
370,1.0,1,24.0,0,0,17477,69.3,0,586,39,0,11,1,5,1
371,1.0,1,25.0,1,0,11765,55.4417,1,232,312,0,12,2,-5,0
372,0.0,3,18.0,1,0,3101267,6.4958,1,224,844,2,12,2,-5,0
373,0.0,3,19.0,0,0,323951,8.05,1,187,65,2,12,1,-5,0
374,0.0,1,22.0,0,0,17760,135.6333,1,519,669,0,12,1,-5,0
375,0.0,3,3.0,3,1,349909,21.075,0,105,608,2,9,5,15,0
376,1.0,1,38.28,1,0,17604,82.1708,0,427,520,0,13,2,5,1
377,1.0,3,22.0,0,0,7077,7.25,0,504,425,2,9,1,5,0
378,0.0,1,27.0,0,2,113503,211.5,1,598,843,0,12,3,-5,0
379,0.0,3,20.0,0,0,2648,4.0125,1,240,74,0,12,1,-5,0
380,0.0,3,19.0,0,0,347069,7.775,1,109,301,2,12,1,-5,0
381,1.0,1,42.0,0,0,17757,227.525,0,557,75,0,9,1,5,0
382,1.0,3,1.0,0,2,2653,15.7417,0,207,555,0,9,3,15,0
383,0.0,3,32.0,0,0,23101293,7.925,1,185,792,2,12,1,-5,0
384,1.0,1,35.0,1,0,113789,52.0,0,110,349,2,13,2,5,1
385,0.0,3,26.375,0,0,349227,7.8958,1,36,645,2,12,1,-5,0
386,0.0,2,18.0,0,0,14879,73.5,1,95,195,2,12,1,-5,0
387,0.0,3,1.0,5,2,2144,46.9,1,572,292,2,8,8,5,0
388,1.0,2,36.0,0,0,27849,13.0,0,132,110,2,9,1,5,0
389,0.0,3,32.605,0,0,367655,7.7292,1,78,697,1,12,1,-5,0
390,1.0,2,17.0,0,0,1748,12.0,0,670,435,0,9,1,5,0
391,1.0,1,36.0,1,2,113760,120.0,1,520,131,2,12,4,-5,0
392,1.0,3,21.0,0,0,350034,7.7958,1,188,370,2,12,1,-5,0
393,0.0,3,28.0,2,0,3101277,7.925,1,443,301,2,12,3,-5,0
394,1.0,1,23.0,1,0,35273,113.275,0,401,565,0,9,2,5,0
395,1.0,3,24.0,0,2,9549,16.7,0,673,707,2,13,3,5,1
396,0.0,3,22.0,0,0,350052,7.7958,1,188,380,2,12,1,-5,0
397,0.0,3,31.0,0,0,350407,7.8542,0,228,595,2,9,1,5,0
398,0.0,2,46.0,0,0,28403,26.0,1,220,510,2,12,1,-5,0
399,0.0,2,23.0,0,0,244278,10.5,1,189,606,2,4,1,-5,0
400,1.0,2,28.0,0,0,240929,12.65,0,491,803,2,13,1,5,1
401,1.0,3,39.0,0,0,23101289,7.925,1,412,574,2,12,1,-5,0
402,0.0,3,26.0,0,0,341826,8.05,1,179,7,2,12,1,-5,0
403,0.0,3,21.0,1,0,4137,9.825,0,201,388,2,9,2,5,0
404,0.0,3,28.0,1,0,23101279,15.85,1,462,305,2,12,2,-5,0
405,0.0,3,20.0,0,0,315096,8.6625,0,294,598,2,9,1,5,0
406,0.0,2,34.0,1,0,28664,21.0,1,43,269,2,12,2,-5,0
407,0.0,3,51.0,0,0,347064,7.75,1,2,842,2,12,1,-5,0
408,1.0,2,3.0,1,1,29106,18.75,1,322,666,2,8,3,5,0
409,0.0,3,21.0,0,0,312992,7.775,1,327,78,2,12,1,-5,0
410,0.0,3,6.651891666666666,3,1,4133,25.4667,0,274,434,2,9,5,15,0
411,0.0,3,26.735,0,0,349222,7.8958,1,245,714,2,12,1,-5,0
412,0.0,3,29.415,0,0,394140,6.8583,1,79,319,1,12,1,-5,0
413,1.0,1,33.0,1,0,19928,90.0,0,321,525,1,9,2,5,0
414,0.0,2,39.59,0,0,239853,0.0,1,44,183,2,12,1,-5,0
415,1.0,3,44.0,0,0,23101269,7.925,1,487,776,2,12,1,-5,0
416,0.0,3,28.91,0,0,343095,8.05,0,602,515,2,13,1,5,1
417,1.0,2,34.0,1,1,28220,32.5,0,41,222,2,13,3,5,1
418,1.0,2,18.0,0,2,250652,13.0,0,573,726,2,9,3,5,0
419,0.0,2,30.0,0,0,28228,13.0,1,394,496,2,12,1,-5,0
420,0.0,3,10.0,0,2,345773,24.15,0,459,811,2,9,3,15,0
421,0.0,3,31.41,0,0,349254,7.8958,1,490,277,0,12,1,-5,0
422,0.0,3,21.0,0,0,513032,7.7333,1,204,140,1,12,1,-5,0
423,0.0,3,29.0,0,0,315082,7.875,1,27,867,2,12,1,-5,0
424,0.0,3,28.0,1,1,347080,14.4,0,46,189,2,13,3,5,1
425,0.0,3,18.0,1,1,370129,20.2125,1,495,681,2,12,3,-5,0
426,0.0,3,29.005,0,0,434244,7.25,1,27,855,2,12,1,-5,0
427,1.0,2,28.0,1,0,2003,26.0,0,118,151,2,13,2,5,1
428,1.0,2,19.0,0,0,250655,26.0,0,75,642,2,9,1,5,0
429,0.0,3,35.15,0,0,364851,7.75,1,93,252,1,12,1,-5,0
430,1.0,3,32.0,0,0,392078,8.05,1,149,643,2,12,1,-5,0
431,1.0,1,28.0,0,0,110564,26.55,1,113,83,2,12,1,-5,0
432,1.0,3,26.935,1,0,376564,16.1,0,71,791,2,13,2,5,1
433,1.0,2,42.0,1,0,3085,26.0,0,133,464,2,13,2,5,1
434,0.0,3,17.0,0,0,23101274,7.125,1,386,389,2,12,1,-5,0
435,0.0,1,50.0,1,0,13507,55.9,1,124,728,2,12,2,-5,0
436,1.0,1,14.0,1,2,113760,120.0,0,584,131,2,9,4,15,0
437,0.0,3,21.0,2,2,6608,34.375,0,516,255,2,9,5,5,0
438,1.0,2,24.0,2,3,29106,18.75,0,468,666,2,13,6,5,1
439,0.0,1,64.0,1,4,19950,263.0,1,463,257,2,12,6,-5,0
440,0.0,2,31.0,0,0,18723,10.5,1,289,418,2,12,1,-5,0
441,1.0,2,45.0,1,1,13529,26.25,0,539,319,2,13,3,5,1
442,0.0,3,20.0,0,0,345769,9.5,1,109,308,2,12,1,-5,0
443,0.0,3,25.0,1,0,347076,7.775,1,200,639,2,12,2,-5,0
444,1.0,2,28.0,0,0,230434,13.0,0,615,661,2,14,1,5,0
445,1.0,3,33.445,0,0,65306,8.1125,1,18,378,2,12,1,-5,0
446,1.0,1,4.0,0,2,33638,81.8583,1,666,211,2,8,3,5,0
447,1.0,2,13.0,0,1,250644,19.5,0,473,516,2,9,2,15,0
448,1.0,1,34.0,0,0,113794,26.55,1,262,717,2,12,1,-5,0
449,1.0,3,5.0,2,1,2666,19.2583,0,54,44,0,9,4,15,0
450,1.0,1,52.0,0,0,113786,30.5,1,635,641,2,7,1,-5,0
451,0.0,2,36.0,1,2,34651,27.75,1,659,836,2,12,4,-5,0
452,0.0,3,30.232,1,0,65303,19.9667,1,14,304,2,12,2,-5,0
453,0.0,1,30.0,0,0,113051,27.75,1,723,256,0,12,1,-5,0
454,1.0,1,49.0,1,0,17453,89.1042,1,50,288,0,12,2,-5,0
455,0.0,3,29.27,0,0,52817,8.05,1,36,624,2,12,1,-5,0
456,1.0,3,29.0,0,0,349240,7.8958,1,269,369,0,12,1,-5,0
457,0.0,1,65.0,0,0,13509,26.55,1,291,523,2,12,1,-5,0
458,1.0,1,44.94,1,0,17464,51.8625,0,282,404,2,13,2,5,1
459,1.0,2,50.0,0,0,13531,10.5,0,737,796,2,9,1,5,0
460,0.0,3,31.295,0,0,371060,7.75,1,234,584,1,12,1,-5,0
461,1.0,1,48.0,0,0,19952,26.55,1,295,20,2,12,1,-5,0
462,0.0,3,34.0,0,0,364506,8.05,1,210,540,2,12,1,-5,0
463,0.0,1,47.0,0,0,111320,38.5,1,38,275,2,12,1,-5,0
464,0.0,2,48.0,0,0,234360,13.0,1,220,524,2,12,1,-5,0
465,0.0,3,27.67,0,0,2816,8.05,1,206,481,2,12,1,-5,0
466,0.0,3,38.0,0,0,3101306,7.05,1,96,291,2,12,1,-5,0
467,0.0,2,33.285,0,0,239853,0.0,1,141,121,2,12,1,-5,0
468,0.0,1,56.0,0,0,113792,26.55,1,37,745,2,12,1,-5,0
469,0.0,3,30.815,0,0,36209,7.725,1,78,711,1,12,1,-5,0
470,1.0,3,0.75,2,1,2666,19.2583,0,54,44,0,9,4,15,0
471,0.0,3,30.67,0,0,323592,7.25,1,18,399,2,12,1,-5,0
472,0.0,3,38.0,0,0,315089,8.6625,1,103,115,2,12,1,-5,0
473,1.0,2,33.0,1,2,34651,27.75,0,613,836,2,13,4,5,1
474,1.0,2,23.0,0,0,541,13.7917,0,384,377,0,13,1,5,1
475,0.0,3,22.0,0,0,7553,9.8375,0,34,770,2,9,1,5,0
476,0.0,1,40.77,0,0,110465,52.0,1,704,153,2,12,1,-5,0
477,0.0,2,34.0,1,0,31027,21.0,1,636,659,2,12,2,-5,0
478,0.0,3,29.0,1,0,3460,7.0458,1,716,100,2,12,2,-5,0
479,0.0,3,22.0,0,0,350060,7.5208,1,188,393,2,12,1,-5,0
480,1.0,3,2.0,0,1,3101298,12.2875,0,414,342,2,9,2,15,0
481,0.0,3,9.0,5,2,2144,46.9,1,227,292,2,8,8,5,0
482,0.0,2,45.255,0,0,239854,0.0,1,229,264,2,12,1,-5,0
483,0.0,3,50.0,0,0,53594,8.05,1,657,688,2,12,1,-5,0
484,1.0,3,63.0,0,0,4134,9.5875,0,511,808,2,13,1,5,1
485,1.0,1,25.0,1,0,11967,91.0792,1,500,80,0,12,2,-5,0
486,0.0,3,6.651891666666666,3,1,4133,25.4667,0,274,434,2,9,5,15,0
487,1.0,1,35.0,1,0,19943,90.0,0,272,356,2,13,2,5,1
488,0.0,1,58.0,0,0,11771,29.7,1,681,403,0,12,1,-5,0
489,0.0,3,30.0,0,0,518509,8.05,1,186,752,2,12,1,-5,0
490,1.0,3,9.0,1,1,37671,15.9,1,15,175,2,8,3,5,0
491,0.0,3,30.232,1,0,65304,19.9667,1,14,304,2,12,2,-5,0
492,0.0,3,21.0,0,0,3101317,7.25,1,671,853,2,12,1,-5,0
493,0.0,1,55.0,0,0,113787,30.5,1,31,534,2,12,1,-5,0
494,0.0,1,71.0,0,0,17609,49.5042,1,374,30,0,12,1,-5,0
495,0.0,3,21.0,0,0,445380,8.05,1,73,760,2,12,1,-5,0
496,0.0,3,30.895,0,0,2627,14.4583,1,20,863,0,12,1,-5,0
497,1.0,1,54.0,1,0,36947,78.2667,0,576,240,0,9,2,5,0
498,0.0,3,34.085,0,0,6212,15.1,1,149,721,2,12,1,-5,0
499,0.0,1,25.0,1,2,113781,151.55,0,437,16,2,13,4,5,1
500,0.0,3,24.0,0,0,350035,7.7958,1,87,779,2,12,1,-5,0
501,0.0,3,17.0,0,0,315086,8.6625,1,187,119,2,12,1,-5,0
502,0.0,3,21.0,0,0,364846,7.75,0,107,122,1,9,1,5,0
503,0.0,3,23.455,0,0,330909,7.6292,0,145,590,1,9,1,5,0
504,0.0,3,37.0,0,0,4135,9.5875,0,380,421,2,9,1,5,0
505,1.0,1,16.0,0,0,110152,86.5,0,81,480,2,9,1,5,0
506,0.0,1,18.0,1,0,17758,108.9,1,674,627,0,12,2,-5,0
507,1.0,2,33.0,0,2,26360,26.0,0,631,652,2,13,3,5,1
508,1.0,1,40.74,0,0,111427,26.55,1,157,96,2,12,1,-5,0
509,0.0,3,28.0,0,0,4001,22.525,1,36,594,2,12,1,-5,0
510,1.0,3,26.0,0,0,1601,56.4958,1,253,427,2,12,1,-5,0
511,1.0,3,29.0,0,0,382651,7.75,1,128,188,1,12,1,-5,0
512,0.0,3,29.44,0,0,3101316,8.05,1,540,831,2,12,1,-5,0
513,1.0,1,36.0,0,0,17473,26.2875,1,1,507,2,12,1,-5,0
514,1.0,1,54.0,1,0,17603,59.4,0,4,687,0,13,2,5,1
515,0.0,3,24.0,0,0,349209,7.4958,1,10,157,2,12,1,-5,0
516,0.0,1,47.0,0,0,36967,34.0208,1,22,825,2,12,1,-5,0
517,1.0,2,34.0,0,0,34260,10.5,0,544,439,2,13,1,5,1
518,0.0,3,33.17,0,0,371110,24.15,1,78,692,1,12,1,-5,0
519,1.0,2,36.0,1,0,226875,26.0,0,604,26,2,13,2,5,1
520,0.0,3,32.0,0,0,349242,7.8958,1,715,618,2,12,1,-5,0
521,1.0,1,30.0,0,0,12749,93.5,0,257,631,2,9,1,5,0
522,0.0,3,22.0,0,0,349252,7.8958,1,313,822,2,12,1,-5,0
523,0.0,3,25.97,0,0,2624,7.225,1,21,419,0,12,1,-5,0
524,1.0,1,44.0,0,1,111361,57.9792,0,106,341,0,13,2,5,1
525,0.0,3,25.575,0,0,2700,7.2292,1,21,396,0,12,1,-5,0
526,0.0,3,40.5,0,0,367232,7.75,1,93,244,1,12,1,-5,0
527,1.0,2,50.0,0,0,14258,10.5,0,343,667,2,9,1,5,0
528,0.0,1,34.165,0,0,17483,221.7792,1,461,245,2,12,1,-5,0
529,0.0,3,39.0,0,0,3101296,7.925,1,251,705,2,12,1,-5,0
530,0.0,2,23.0,2,1,29104,11.5,1,530,343,2,12,4,-5,0
531,1.0,2,2.0,1,1,26360,26.0,0,24,652,2,9,3,15,0
532,0.0,3,29.795,0,0,2641,7.2292,1,19,800,0,12,1,-5,0
533,0.0,3,17.0,1,1,2690,7.2292,1,365,234,0,12,3,-5,0
534,1.0,3,25.34,0,2,2668,22.3583,0,722,634,0,13,3,5,1
535,0.0,3,30.0,0,0,315084,8.6625,0,58,115,2,9,1,5,0
536,1.0,2,7.0,0,2,13529,26.25,0,650,319,2,9,3,15,0
537,0.0,1,45.0,0,0,113050,26.55,1,648,112,2,7,1,-5,0
538,1.0,1,30.0,0,0,17761,106.425,0,377,431,0,9,1,5,0
539,0.0,3,30.275,0,0,364498,14.5,1,149,672,2,12,1,-5,0
540,1.0,1,22.0,0,2,13568,49.5,0,546,262,0,9,3,5,0
541,1.0,1,36.0,0,2,5735,71.0,0,628,180,2,9,3,5,0
542,0.0,3,9.0,4,2,347082,31.275,0,652,21,2,9,7,15,0
543,0.0,3,11.0,4,2,347082,31.275,0,652,21,2,9,7,15,0
544,1.0,2,32.0,1,0,2908,26.0,1,174,62,2,12,2,-5,0
545,0.0,1,50.0,1,0,17761,106.425,1,640,216,0,12,2,-5,0
546,0.0,1,64.0,0,0,693,26.0,1,291,568,2,12,1,-5,0
547,1.0,2,19.0,1,0,2908,26.0,0,352,62,2,13,2,5,1
548,1.0,2,25.3,0,0,2146,13.8625,1,182,605,0,12,1,-5,0
549,0.0,3,33.0,1,1,363291,20.525,1,90,290,2,12,3,-5,0
550,1.0,2,8.0,1,1,33112,36.75,1,477,195,2,8,3,5,0
551,1.0,1,17.0,0,2,17421,110.8833,1,203,786,0,12,3,-5,0
552,0.0,2,27.0,0,0,244358,26.0,1,102,718,2,12,1,-5,0
553,0.0,3,31.24,0,0,330979,7.8292,1,234,582,1,12,1,-5,0
554,1.0,3,22.0,0,0,2620,7.225,1,170,433,0,12,1,-5,0
555,1.0,3,22.0,0,0,347085,7.775,0,74,592,2,9,1,5,0
556,0.0,1,62.0,0,0,113807,26.55,1,85,858,2,12,1,-5,0
557,1.0,1,48.0,1,0,11755,39.6,0,250,224,0,6,2,5,1
558,0.0,1,30.4,0,0,17757,227.525,1,432,673,0,12,1,-5,0
559,1.0,1,39.0,1,1,110413,79.65,0,478,783,2,13,3,5,1
560,1.0,3,36.0,1,0,345572,17.4,0,637,869,2,13,2,5,1
561,0.0,3,31.86,0,0,372622,7.75,1,234,541,1,12,1,-5,0
562,0.0,3,40.0,0,0,349251,7.8958,1,47,735,2,12,1,-5,0
563,0.0,2,28.0,0,0,218629,13.5,1,297,575,2,12,1,-5,0
564,0.0,3,28.21,0,0,392082,8.05,1,186,729,2,12,1,-5,0
565,0.0,3,24.67,0,0,392087,8.05,0,74,514,2,9,1,5,0
566,0.0,3,24.0,2,0,448871,24.15,1,267,195,2,12,3,-5,0
567,0.0,3,19.0,0,0,349205,7.8958,1,73,769,2,12,1,-5,0
568,0.0,3,29.0,0,4,349909,21.075,0,498,608,2,13,5,5,1
569,0.0,3,30.335,0,0,2686,7.2292,1,490,212,0,12,1,-5,0
570,1.0,3,32.0,0,0,350417,7.8542,1,18,386,2,12,1,-5,0
571,1.0,2,62.0,0,0,752,10.5,1,607,317,2,12,1,-5,0
572,1.0,1,53.0,2,0,11769,51.4792,0,23,27,2,13,3,5,1
573,1.0,1,36.0,0,0,17474,26.3875,1,316,252,2,12,1,-5,0
574,1.0,3,27.365,0,0,14312,7.75,0,330,401,1,9,1,5,0
575,0.0,3,16.0,0,0,420589,8.05,1,88,691,2,12,1,-5,0
576,0.0,3,19.0,0,0,358585,14.5,1,26,616,2,12,1,-5,0
577,1.0,2,34.0,0,0,243880,13.0,0,127,272,2,9,1,5,0
578,1.0,1,39.0,1,0,13507,55.9,0,668,728,2,13,2,5,1
579,0.0,3,28.098666666666666,1,0,2689,14.4583,0,578,125,0,13,2,5,1
580,1.0,3,32.0,0,0,23101286,7.925,1,59,388,2,12,1,-5,0
581,1.0,2,25.0,1,1,237789,30.0,0,509,148,2,9,3,5,0
582,1.0,1,39.0,1,1,17421,110.8833,0,16,786,0,13,3,5,1
583,0.0,2,54.0,0,0,28403,26.0,1,51,218,2,12,1,-5,0
584,0.0,1,36.0,0,0,13049,40.125,1,662,684,0,12,1,-5,0
585,0.0,3,24.22,0,0,3411,8.7125,1,115,617,0,12,1,-5,0
586,1.0,1,18.0,0,2,110413,79.65,0,617,783,2,9,3,5,0
587,0.0,2,47.0,0,0,237565,15.0,1,8,372,2,12,1,-5,0
588,1.0,1,60.0,1,1,13567,79.2,1,345,263,0,12,3,-5,0
589,0.0,3,22.0,0,0,14973,8.05,1,109,282,2,12,1,-5,0
590,0.0,3,32.795,0,0,53235,8.05,1,210,549,2,12,1,-5,0
591,0.0,3,35.0,0,0,23101273,7.125,1,697,670,2,12,1,-5,0
592,1.0,1,52.0,1,0,36947,78.2667,0,4,764,0,13,2,5,1
593,0.0,3,47.0,0,0,53902,7.25,1,42,235,2,12,1,-5,0
594,0.0,3,25.359899999999996,0,2,364848,7.75,0,600,91,1,9,3,5,0
595,0.0,2,37.0,1,0,29037,26.0,1,356,139,2,12,2,-5,0
596,0.0,3,36.0,1,1,345773,24.15,1,45,811,2,12,3,-5,0
597,1.0,2,22.21,0,0,248727,33.0,0,601,437,2,9,1,5,0
598,0.0,3,49.0,0,0,0,0.0,1,56,382,2,12,1,-5,0
599,0.0,3,21.51,0,0,2664,7.225,1,240,90,0,12,1,-5,0
600,1.0,1,49.0,1,0,17485,56.9292,1,621,224,0,16,2,-5,0
601,1.0,2,24.0,2,1,243847,27.0,0,580,368,2,13,4,5,1
602,0.0,3,26.105,0,0,349214,7.8958,1,245,740,2,12,1,-5,0
603,0.0,1,38.82,0,0,113796,42.4,1,255,316,2,12,1,-5,0
604,0.0,3,44.0,0,0,364511,8.05,1,2,797,2,12,1,-5,0
605,1.0,1,35.0,0,0,111426,26.55,1,371,350,0,12,1,-5,0
606,0.0,3,36.0,1,0,349910,15.55,1,12,451,2,12,2,-5,0
607,0.0,3,30.0,0,0,349246,7.8958,1,18,392,2,12,1,-5,0
608,1.0,1,27.0,0,0,113804,30.5,1,113,190,2,12,1,-5,0
609,1.0,2,22.0,1,2,2123,41.5792,0,624,428,0,13,4,5,1
610,1.0,1,40.0,0,0,17582,153.4625,0,398,725,2,9,1,5,0
611,0.0,3,39.0,1,5,347082,31.275,0,221,21,2,13,7,5,1
612,0.0,3,33.49,0,0,3101305,7.05,1,146,371,2,12,1,-5,0
613,1.0,3,20.06,1,0,367230,15.5,0,323,550,1,9,2,5,0
614,0.0,3,34.26,0,0,370377,7.75,1,167,353,1,12,1,-5,0
615,0.0,3,35.0,0,0,364512,8.05,1,103,103,2,12,1,-5,0
616,1.0,2,24.0,1,2,220845,65.0,0,353,335,2,9,4,5,0
617,0.0,3,34.0,1,1,347080,14.4,1,90,189,2,12,3,-5,0
618,0.0,3,26.0,1,0,53336,16.1,0,120,459,2,13,2,5,1
619,1.0,2,4.0,2,1,230136,39.0,0,693,66,2,9,4,15,0
620,0.0,2,26.0,0,0,31028,10.5,1,35,274,2,12,1,-5,0
621,0.0,3,27.0,1,0,2659,14.4542,1,208,859,0,12,2,-5,0
622,1.0,1,42.0,1,0,11753,52.5542,1,318,408,2,12,2,-5,0
623,1.0,3,20.0,1,1,2653,15.7417,1,565,555,0,12,3,-5,0
624,0.0,3,21.0,0,0,350029,7.8542,1,109,310,2,12,1,-5,0
625,0.0,3,21.0,0,0,54636,16.1,1,327,92,2,12,1,-5,0
626,0.0,1,61.0,0,0,36963,32.3208,1,85,778,2,12,1,-5,0
627,0.0,2,57.0,0,0,219533,12.35,1,508,411,1,15,1,-5,0
628,1.0,1,21.0,0,0,13502,77.9583,0,81,462,2,9,1,5,0
629,0.0,3,26.0,0,0,349224,7.8958,1,179,88,2,12,1,-5,0
630,0.0,3,32.39,0,0,334912,7.7333,1,234,583,1,12,1,-5,0
631,1.0,1,80.0,0,0,27042,30.0,1,320,55,2,12,1,-5,0
632,0.0,3,51.0,0,0,347743,7.0542,1,70,467,2,12,1,-5,0
633,1.0,1,32.0,0,0,13214,30.5,1,618,757,0,4,1,-5,0
634,0.0,1,43.115,0,0,112052,0.0,1,554,612,2,12,1,-5,0
635,0.0,3,9.0,3,2,347088,27.9,0,726,739,2,9,6,15,0
636,1.0,2,28.0,0,0,237668,13.0,0,587,196,2,9,1,5,0
637,0.0,3,32.0,0,0,23101292,7.925,1,59,436,2,12,1,-5,0
638,0.0,2,31.0,1,1,31921,26.25,1,52,162,2,12,3,-5,0
639,0.0,3,41.0,0,5,3101295,39.6875,0,474,609,2,13,6,5,1
640,0.0,3,27.295,1,0,376564,16.1,1,582,791,2,12,2,-5,0
641,0.0,3,20.0,0,0,350050,7.8542,1,188,375,2,12,1,-5,0
642,1.0,1,24.0,0,0,17477,69.3,0,259,701,0,10,1,5,0
643,0.0,3,2.0,3,2,347088,27.9,0,231,739,2,9,6,15,0
644,1.0,3,29.148333333333333,0,0,1601,56.4958,1,131,254,2,12,1,-5,0
645,1.0,3,0.75,2,1,2666,19.2583,0,54,44,0,9,4,15,0
646,1.0,1,48.0,1,0,17572,76.7292,1,50,315,0,12,2,-5,0
647,0.0,3,19.0,0,0,349231,7.8958,1,30,169,2,12,1,-5,0
648,1.0,1,56.0,0,0,13213,35.5,1,470,730,0,1,1,-5,0
649,0.0,3,35.97,0,0,751,7.55,1,178,849,2,12,1,-5,0
650,1.0,3,23.0,0,0,2314,7.55,0,34,760,2,9,1,5,0
651,0.0,3,26.87,0,0,349221,7.8958,1,195,530,2,12,1,-5,0
652,1.0,2,18.0,0,1,231919,23.0,0,39,213,2,9,2,5,0
653,0.0,3,21.0,0,0,8475,8.4333,1,188,390,2,12,1,-5,0
654,1.0,3,21.11,0,0,330919,7.8292,0,145,589,1,9,1,5,0
655,0.0,3,18.0,0,0,365226,6.75,0,551,328,1,9,1,5,0
656,0.0,2,24.0,2,0,14879,73.5,1,226,337,2,12,3,-5,0
657,0.0,3,27.965,0,0,349223,7.8958,1,36,653,2,12,1,-5,0
658,0.0,3,32.0,1,1,364849,15.5,0,661,91,1,13,3,5,1
659,0.0,2,23.0,0,0,29751,13.0,1,35,231,2,12,1,-5,0
660,0.0,1,58.0,0,2,35273,113.275,1,419,565,0,12,3,-5,0
661,1.0,1,50.0,2,0,17611,133.65,1,464,261,2,4,3,-5,0
662,0.0,3,40.0,0,0,2623,7.225,1,684,46,0,12,1,-5,0
663,0.0,1,47.0,0,0,5727,25.5875,1,92,161,2,12,1,-5,0
664,0.0,3,36.0,0,0,349210,7.4958,1,103,157,2,12,1,-5,0
665,1.0,3,20.0,1,0,23101285,7.925,1,593,452,2,12,2,-5,0
666,0.0,2,32.0,2,0,14879,73.5,1,556,337,2,12,3,-5,0
667,0.0,2,25.0,0,0,234686,13.0,1,67,111,2,12,1,-5,0
668,0.0,3,32.27,0,0,312993,7.775,1,149,679,2,12,1,-5,0
669,0.0,3,43.0,0,0,53536,8.05,1,42,168,2,12,1,-5,0
670,1.0,1,46.98,1,0,19996,52.0,0,529,784,2,13,2,5,1
671,1.0,2,40.0,1,1,29750,39.0,0,656,104,2,13,3,5,1
672,0.0,1,31.0,1,0,12750,52.0,1,89,194,2,12,2,-5,0
673,0.0,2,70.0,0,0,24580,10.5,1,423,529,2,12,1,-5,0
674,1.0,2,31.0,0,0,244270,13.0,1,100,845,2,12,1,-5,0
675,0.0,2,46.18,0,0,239856,0.0,1,592,829,2,12,1,-5,0
676,0.0,3,18.0,0,0,349912,7.775,1,30,230,2,12,1,-5,0
677,0.0,3,24.5,0,0,342826,8.05,1,245,710,2,12,1,-5,0
678,1.0,3,18.0,0,0,4138,9.8417,0,134,807,2,9,1,5,0
679,0.0,3,43.0,1,6,2144,46.9,0,346,292,2,13,8,5,1
680,1.0,1,36.0,0,1,17755,512.3292,1,731,127,0,12,2,-5,0
681,0.0,3,19.215,0,0,330935,8.1375,0,84,635,1,9,1,5,0
682,1.0,1,27.0,0,0,17572,76.7292,1,252,320,0,12,1,-5,0
683,0.0,3,20.0,0,0,6563,9.225,1,26,596,2,12,1,-5,0
684,0.0,3,14.0,5,2,2144,46.9,1,430,292,2,12,8,5,0
685,0.0,2,60.0,1,1,29750,39.0,1,303,104,2,12,3,-5,0
686,0.0,2,25.0,1,2,2123,41.5792,1,383,428,0,12,4,-5,0
687,0.0,3,14.0,4,1,3101295,39.6875,1,242,609,2,12,6,5,0
688,0.0,3,19.0,0,0,349228,10.1708,1,30,187,2,12,1,-5,0
689,0.0,3,18.0,0,0,350036,7.7958,1,30,249,2,12,1,-5,0
690,1.0,1,15.0,0,1,24160,211.3375,0,451,475,2,9,2,5,0
691,1.0,1,31.0,1,0,17474,57.0,1,89,207,2,12,2,-5,0
692,1.0,3,4.0,0,1,349256,13.4167,0,415,395,0,9,2,15,0
693,1.0,3,27.2,0,0,1601,56.4958,1,253,423,2,12,1,-5,0
694,0.0,3,25.0,0,0,2672,7.225,1,152,694,0,12,1,-5,0
695,0.0,1,60.0,0,0,113800,26.55,1,292,832,2,1,1,-5,0
696,0.0,2,52.0,0,0,248731,13.5,1,51,139,2,12,1,-5,0
697,0.0,3,44.0,0,0,363592,8.05,1,82,401,2,12,1,-5,0
698,1.0,3,22.82,0,0,35852,7.7333,0,145,547,1,9,1,5,0
699,0.0,1,49.0,1,1,17421,110.8833,1,708,786,0,12,3,-5,0
700,0.0,3,42.0,0,0,348121,7.65,1,82,357,2,12,1,-5,0
701,1.0,1,18.0,1,0,17757,227.525,0,404,37,0,13,2,5,1
702,1.0,1,35.0,0,0,17475,26.2875,1,262,727,2,12,1,-5,0
703,0.0,3,18.0,0,1,2691,14.4542,0,569,53,0,9,2,5,0
704,0.0,3,25.0,0,0,36864,7.7417,1,79,270,1,12,1,-5,0
705,0.0,3,26.0,1,0,350025,7.8542,1,14,310,2,12,2,-5,0
706,0.0,2,39.0,0,0,250655,26.0,1,112,540,2,12,1,-5,0
707,1.0,2,45.0,0,0,223596,13.5,0,426,401,2,13,1,5,1
708,1.0,1,42.0,0,0,17476,26.2875,1,157,117,2,12,1,-5,0
709,1.0,1,22.0,0,0,113781,151.55,0,485,152,2,9,1,5,0
710,1.0,3,4.1482880952380965,1,1,2661,15.2458,1,148,543,0,8,3,5,0
711,1.0,1,24.0,0,0,17482,49.5042,0,679,498,0,10,1,5,0
712,0.0,1,45.83,0,0,113028,26.55,1,362,412,2,12,1,-5,0
713,1.0,1,48.0,1,0,19996,52.0,1,124,784,2,12,2,-5,0
714,0.0,3,29.0,0,0,7545,9.4833,1,206,429,2,12,1,-5,0
715,0.0,2,52.0,0,0,250647,13.0,1,169,296,2,12,1,-5,0
716,0.0,3,19.0,0,0,348124,7.65,1,73,751,2,12,1,-5,0
717,1.0,1,38.0,0,0,17757,227.525,0,180,239,0,9,1,5,0
718,1.0,2,27.0,0,0,34218,10.5,0,283,804,2,9,1,5,0
719,0.0,3,33.775,0,0,36568,15.5,1,80,506,1,12,1,-5,0
720,0.0,3,33.0,0,0,347062,7.775,1,18,382,2,12,1,-5,0
721,1.0,2,6.0,0,1,248727,33.0,0,672,315,2,9,2,15,0
722,0.0,3,17.0,1,0,350048,7.0542,1,265,375,2,12,2,-5,0
723,0.0,2,34.0,0,0,12233,13.0,1,66,284,2,12,1,-5,0
724,0.0,2,50.0,0,0,250643,13.0,1,169,344,2,12,1,-5,0
725,1.0,1,27.0,1,0,113806,53.1,1,89,138,2,12,2,-5,0
726,0.0,3,20.0,0,0,315094,8.6625,1,26,598,2,12,1,-5,0
727,1.0,2,30.0,3,0,31027,21.0,0,243,659,2,13,4,5,1
728,1.0,3,23.44,0,0,36866,7.7375,0,342,488,1,9,1,5,0
729,0.0,2,25.0,1,0,236853,26.0,1,63,105,2,12,2,-5,0
730,0.0,3,25.0,1,0,23101271,7.925,0,239,364,2,9,2,5,0
731,1.0,1,29.0,0,0,24160,211.3375,0,98,15,2,9,1,5,0
732,0.0,3,11.0,0,0,2699,18.7875,1,367,321,0,12,1,5,0
733,0.0,2,45.365,0,0,239855,0.0,1,8,414,2,12,1,-5,0
734,0.0,2,23.0,0,0,28425,13.0,1,281,73,2,12,1,-5,0
735,0.0,2,23.0,0,0,233639,13.0,1,150,802,2,12,1,-5,0
736,0.0,3,28.5,0,0,54636,16.1,1,27,850,2,12,1,-5,0
737,0.0,3,48.0,1,3,6608,34.375,0,683,255,2,13,5,5,1
738,1.0,1,35.0,0,0,17755,512.3292,1,448,443,0,12,1,-5,0
739,0.0,3,27.4,0,0,349201,7.8958,1,57,367,2,12,1,-5,0
740,0.0,3,24.97,0,0,349218,7.8958,1,368,557,2,12,1,-5,0
741,1.0,1,47.83,0,0,16988,30.0,1,38,322,2,12,1,-5,0
742,0.0,1,36.0,1,0,19877,78.85,1,264,135,2,12,2,-5,0
743,1.0,1,21.0,2,2,17608,262.375,0,161,693,0,9,5,5,0
744,0.0,3,24.0,1,0,376566,16.1,1,689,512,2,12,2,-5,0
745,1.0,3,31.0,0,0,23101288,7.925,1,185,771,2,12,1,-5,0
746,0.0,1,70.0,1,1,5735,71.0,1,633,180,2,0,3,-5,0
747,0.0,3,16.0,1,1,2673,20.25,1,425,1,2,12,3,-5,0
748,1.0,2,30.0,0,0,250648,13.0,0,68,732,2,9,1,5,0
749,0.0,1,19.0,1,0,113773,53.1,1,445,493,2,12,2,-5,0
750,0.0,3,31.0,0,0,335097,7.75,1,128,165,1,12,1,-5,0
751,1.0,2,4.0,1,1,29103,23.0,0,293,834,2,9,3,15,0
752,1.0,3,6.0,0,1,392096,12.475,1,181,536,2,8,2,5,0
753,0.0,3,33.0,0,0,345780,9.5,1,725,813,2,12,1,-5,0
754,0.0,3,23.0,0,0,349204,7.8958,1,188,385,2,12,1,-5,0
755,1.0,2,48.0,1,2,220845,65.0,0,433,335,2,13,4,5,1
756,1.0,2,0.67,1,1,250649,14.5,1,512,307,2,8,3,5,0
757,0.0,3,28.0,0,0,350042,7.7958,1,121,128,2,12,1,-5,0
758,0.0,2,18.0,0,0,29108,11.5,1,645,47,2,12,1,-5,0
759,0.0,3,34.0,0,0,363294,8.05,1,725,787,2,12,1,-5,0
760,1.0,1,33.0,0,0,110152,86.5,0,629,686,2,17,1,5,1
761,0.0,3,30.323666666666668,0,0,358585,14.5,1,247,271,2,12,1,-5,0
762,0.0,3,41.0,0,0,23101272,7.125,1,412,573,2,12,1,-5,0
763,1.0,3,20.0,0,0,2663,7.2292,1,240,52,0,12,1,-5,0
764,1.0,1,36.0,1,2,113760,120.0,0,421,131,2,13,4,5,1
765,0.0,3,16.0,0,0,347074,7.775,1,30,232,2,12,1,-5,0
766,1.0,1,51.0,1,0,13502,77.9583,0,537,345,2,13,2,5,1
767,0.0,1,44.605,0,0,112379,39.6,1,568,101,0,4,1,-5,0
768,0.0,3,30.5,0,0,364850,7.75,0,97,486,1,9,1,5,0
769,0.0,3,30.6775,1,0,371110,24.15,1,304,538,1,12,2,-5,0
770,0.0,3,32.0,0,0,8471,8.3625,1,247,298,2,12,1,-5,0
771,0.0,3,24.0,0,0,345781,9.5,1,77,447,2,12,1,-5,0
772,0.0,3,48.0,0,0,350047,7.8542,1,56,375,2,12,1,-5,0
773,0.0,2,57.0,0,0,3,10.5,0,317,473,2,13,1,5,1
774,0.0,3,27.64,0,0,2674,7.225,1,490,234,0,12,1,-5,0
775,1.0,2,54.0,1,3,29105,23.0,0,444,343,2,13,5,5,1
776,0.0,3,18.0,0,0,347078,7.75,1,26,551,2,12,1,-5,0
777,0.0,3,38.21,0,0,383121,7.75,1,597,793,1,12,1,-5,0
778,1.0,3,5.0,0,0,364516,12.475,0,325,236,2,9,1,15,0
779,0.0,3,30.005,0,0,36865,7.7375,1,72,407,1,12,1,-5,0
780,1.0,1,43.0,0,1,24160,211.3375,0,389,674,2,13,2,5,1
781,1.0,3,13.0,0,0,2687,7.2292,0,104,41,0,9,1,15,0
782,1.0,1,17.0,1,0,17474,57.0,0,431,207,2,13,2,5,1
783,0.0,1,29.0,0,0,113501,30.0,1,55,461,2,12,1,-5,0
784,0.0,3,30.135,1,2,6607,23.45,1,649,383,2,12,4,-5,0
785,0.0,3,25.0,0,0,3101312,7.05,1,192,14,2,12,1,-5,0
786,0.0,3,25.0,0,0,374887,7.25,1,57,314,2,12,1,-5,0
787,1.0,3,18.0,0,0,3101265,7.4958,0,588,737,2,9,1,5,0
788,0.0,3,8.0,4,1,382652,29.125,1,168,664,1,8,6,5,0
789,1.0,3,1.0,1,2,2315,20.575,1,581,199,2,8,4,5,0
790,0.0,1,46.0,0,0,17593,79.2,1,527,300,0,12,1,-5,0
791,0.0,3,31.22,0,0,12460,7.75,1,72,398,1,12,1,-5,0
792,0.0,2,16.0,0,0,239865,26.0,1,123,273,2,12,1,-5,0
793,0.0,3,20.371,8,2,2343,69.55,0,465,700,2,9,11,5,0
794,0.0,1,45.96,0,0,17600,30.6958,1,358,356,0,12,1,-5,0
795,0.0,3,25.0,0,0,349203,7.8958,1,10,193,2,12,1,-5,0
796,0.0,2,39.0,0,0,28213,13.0,1,112,602,2,12,1,-5,0
797,1.0,1,49.0,0,0,17465,25.9292,0,405,432,2,4,1,5,0
798,1.0,3,31.0,0,0,349244,8.6833,0,25,600,2,13,1,5,1
799,0.0,3,30.0,0,0,2685,7.2292,1,269,360,0,12,1,-5,0
800,0.0,3,30.0,1,1,345773,24.15,0,194,811,2,13,3,5,1
801,0.0,2,34.0,0,0,250647,13.0,1,49,647,2,12,1,-5,0
802,1.0,2,31.0,1,1,31921,26.25,0,41,162,2,13,3,5,1
803,1.0,1,11.0,1,2,113760,120.0,1,547,131,2,8,4,5,0
804,1.0,3,0.42,0,1,2625,8.5167,1,559,788,0,8,2,5,0
805,1.0,3,27.0,0,0,347089,6.975,1,57,326,2,12,1,-5,0
806,0.0,3,31.0,0,0,347063,7.775,1,18,380,2,12,1,-5,0
807,0.0,1,39.0,0,0,112050,0.0,1,344,24,2,12,1,-5,0
808,0.0,3,18.0,0,0,347087,7.775,0,294,640,2,9,1,5,0
809,0.0,2,39.0,0,0,248723,13.0,1,112,520,2,12,1,-5,0
810,1.0,1,33.0,1,0,113806,53.1,0,563,138,2,13,2,5,1
811,0.0,3,26.0,0,0,3474,7.8875,1,179,12,2,12,1,-5,0
812,0.0,3,39.0,0,0,448871,24.15,1,654,442,2,12,1,-5,0
813,0.0,2,35.0,0,0,28206,10.5,1,49,742,2,12,1,-5,0
814,0.0,3,6.0,4,2,347082,31.275,0,196,21,2,9,7,15,0
815,0.0,3,30.5,0,0,364499,8.05,1,186,795,2,12,1,-5,0
816,0.0,1,42.845,0,0,112058,0.0,1,53,265,2,12,1,-5,0
817,0.0,3,23.0,0,0,23101290,7.925,0,197,330,2,9,1,5,0
818,0.0,2,31.0,1,1,2079,37.0042,1,506,484,0,12,3,-5,0
819,0.0,3,43.0,0,0,7075,6.45,1,82,347,2,12,1,-5,0
820,0.0,3,10.0,3,2,347088,27.9,1,136,739,2,8,6,5,0
821,1.0,1,52.0,1,1,12749,93.5,0,729,323,2,13,3,5,1
822,1.0,3,27.0,0,0,315098,8.6625,1,206,466,2,12,1,-5,0
823,0.0,1,38.0,0,0,19972,0.0,1,213,660,2,5,1,-5,0
824,1.0,3,27.0,0,1,392096,12.475,0,120,536,2,13,2,5,1
825,0.0,3,2.0,4,1,3101295,39.6875,1,33,609,2,8,6,5,0
826,0.0,3,35.655,0,0,368323,6.95,1,93,252,1,12,1,-5,0
827,0.0,3,27.2,0,0,1601,56.4958,1,253,423,2,12,1,-5,0
828,1.0,2,1.0,0,2,2079,37.0042,1,526,484,0,8,3,5,0
829,1.0,3,32.825,0,0,367228,7.75,1,80,501,1,12,1,-5,0
830,1.0,1,62.0,0,0,113572,80.0,0,494,767,2,13,1,5,1
831,1.0,3,15.0,1,0,2659,14.4542,0,307,859,0,13,2,5,1
832,1.0,2,0.83,1,1,29106,18.75,1,322,666,2,8,3,5,0
833,0.0,3,24.585,0,0,2671,7.2292,1,152,694,0,12,1,-5,0
834,0.0,3,23.0,0,0,347468,7.8542,1,179,40,2,12,1,-5,0
835,0.0,3,18.0,0,0,2223,8.3,1,177,17,2,12,1,-5,0
836,1.0,1,39.0,1,1,17756,83.1583,0,308,163,0,9,3,5,0
837,0.0,3,21.0,0,0,315097,8.6625,1,26,615,2,12,1,-5,0
838,0.0,3,25.365,0,0,392092,8.05,1,245,734,2,12,1,-5,0
839,1.0,3,32.0,0,0,1601,56.4958,1,147,145,2,12,1,-5,0
840,1.0,1,51.145,0,0,11774,29.7,1,471,490,0,12,1,-5,0
841,0.0,3,20.0,0,0,23101287,7.925,1,190,13,2,12,1,-5,0
842,0.0,2,16.0,0,0,3,10.5,1,154,546,2,12,1,-5,0
843,1.0,1,30.0,0,0,113798,31.0,0,162,716,0,9,1,5,0
844,0.0,3,34.5,0,0,2683,6.4375,1,159,438,0,12,1,-5,0
845,0.0,3,17.0,0,0,315090,8.6625,1,30,181,2,12,1,-5,0
846,0.0,3,42.0,0,0,5547,7.55,1,517,0,2,12,1,-5,0
847,0.0,3,22.039500000000004,8,2,2343,69.55,1,319,700,2,12,11,-5,0
848,0.0,3,35.0,0,0,349213,7.8958,1,159,491,0,12,1,-5,0
849,0.0,2,28.0,0,1,248727,33.0,1,284,315,2,15,2,-5,0
850,1.0,1,41.02,1,0,17453,89.1042,0,216,288,0,13,2,5,1
851,0.0,3,4.0,4,2,347082,31.275,1,139,21,2,8,7,5,0
852,0.0,3,74.0,0,0,347060,7.775,1,434,779,2,12,1,-5,0
853,0.0,3,9.0,1,1,2678,15.2458,0,469,90,0,9,3,15,0
854,1.0,1,16.0,0,1,17592,39.4,0,698,455,2,9,2,5,0
855,0.0,2,44.0,1,0,244252,26.0,0,574,131,2,13,2,5,1
856,1.0,3,18.0,0,1,392091,9.35,0,99,9,2,13,2,5,1
857,1.0,1,45.0,1,1,36928,164.8667,0,223,841,2,13,3,5,1
858,1.0,1,51.0,0,0,113055,26.55,1,92,188,2,12,1,-5,0
859,1.0,3,24.0,0,3,2666,19.2583,0,403,44,0,13,4,5,1
860,0.0,3,27.375,0,0,2629,7.2292,1,152,655,0,12,1,-5,0
861,0.0,3,41.0,2,0,350026,14.1083,1,605,310,2,12,3,-5,0
862,0.0,2,21.0,1,0,28134,11.5,1,417,281,2,12,2,-5,0
863,1.0,1,48.0,0,0,17466,25.9292,0,702,782,2,13,1,5,1
864,0.0,3,20.371,8,2,2343,69.55,0,465,700,2,9,11,5,0
865,0.0,2,24.0,0,0,233866,13.0,1,35,283,2,12,1,-5,0
866,1.0,2,42.0,0,0,236852,13.0,0,254,114,2,13,1,5,1
867,1.0,2,27.0,1,0,2149,13.8583,0,305,227,0,9,2,5,0
868,0.0,1,31.0,0,0,17590,50.4958,1,7,676,2,12,1,-5,0
869,0.0,3,22.695,0,0,345777,9.5,1,313,874,2,12,1,-5,0
870,1.0,3,4.0,1,1,347742,11.1333,1,550,382,2,8,3,5,0
871,0.0,3,26.0,0,0,349248,7.8958,1,179,49,2,12,1,-5,0
872,1.0,1,47.0,1,1,11751,52.5542,0,23,67,2,13,3,5,1
873,0.0,1,33.0,0,0,695,5.0,1,579,128,2,12,1,-5,0
874,0.0,3,47.0,0,0,345765,9.0,1,2,816,2,12,1,-5,0
875,1.0,2,28.0,1,0,3381,24.0,0,655,3,0,13,2,5,1
876,1.0,3,15.0,0,0,2667,7.225,0,302,554,0,9,1,5,0
877,0.0,3,20.0,0,0,7534,9.8458,1,109,301,2,12,1,-5,0
878,0.0,3,19.0,0,0,349212,7.8958,1,88,638,2,12,1,-5,0
879,0.0,3,27.89,0,0,349217,7.8958,1,206,422,2,12,1,-5,0
880,1.0,1,56.0,0,1,11767,83.1583,0,719,650,0,13,2,5,1
881,1.0,2,25.0,0,1,230433,26.0,0,724,722,2,13,2,5,1
882,0.0,3,33.0,0,0,349257,7.8958,1,137,492,2,12,1,-5,0
883,0.0,3,22.0,0,0,7552,10.5167,0,184,186,2,9,1,5,0
884,0.0,2,28.0,0,0,34068,10.5,1,158,51,2,12,1,-5,0
885,0.0,3,25.0,0,0,392076,7.05,1,87,777,2,12,1,-5,0
886,0.0,3,39.0,0,5,382652,29.125,0,669,664,1,13,6,5,1
887,0.0,2,27.0,0,0,211536,13.0,1,366,535,2,15,1,-5,0
888,1.0,1,19.0,0,0,112053,30.0,0,361,294,2,9,1,5,0
889,0.0,3,5.82995238095238,1,2,6607,23.45,0,552,383,2,9,4,15,0
890,1.0,1,26.0,0,0,111369,30.0,1,176,69,0,12,1,-5,0
891,0.0,3,32.0,0,0,370376,7.75,1,128,214,1,12,1,-5,0
